config	cartella	stem	riferimento	trascrizione	errori
baseline	2026-09-21-webcam	20260921-140843	Calliope.	Calliope.	0
baseline	2026-09-21-webcam	20260921-140848	Qual è la capitale della Francia?	Con un capitolo della Francia.	4
baseline	2026-09-21-webcam	20260921-140859	Qual è la capitale della Francia?	Qual è la capitale della Francia?	0
baseline	2026-09-21-webcam	20260921-140908	E quella della Spagna?	E quella della Spagna?	0
baseline	2026-09-21-webcam	20260921-140919	Oggi è proprio una bella giornata.	Oggi è proprio una bella giornata.	0
baseline	2026-09-21-webcam	20260921-140938	Puoi cambiare voce?	E poi cambiare voce.	2
baseline	2026-09-21-webcam	20260921-140954	Calliope, quanto dista la Luna dalla Terra?	Calliope, quanto dista la luna dalla terra?	0
baseline	2026-09-21-webcam	20260921-141005	Perché il cielo è azzurro?	Perché il cielo è azzurro?	0
baseline	2026-09-21-webcam	20260921-141022	Calliope, dimmi tre città della Toscana.	Calliope, dimmi tre città della Toscana.	0
baseline	2026-09-21-webcam	20260921-141033	Chi ha scritto I promessi sposi?	Che esplique tipo messi sposi.	5
baseline	2026-09-21-webcam	20260921-141044	Chi ha scritto I promessi sposi?	Chi ha scritto I Promessi Sposi?	0
baseline	2026-09-21-webcam	20260921-141106	Calliope, ieri sera ho visto un documentario sulla storia dell'Impero romano e mi sono chiesto quanto tempo ci volesse per andare da Roma a Costantinopoli a cavallo.	Calliope, ieri sera ho visto un documentale sulla storia dell'impero romano e mi sono chiesto quanto tempo ci volesse per andare da Roma a Costantinopoli a cavallo.	1
baseline	2026-09-21-webcam	20260921-141124	Ricordati che il mio numero preferito è quarantasette.	Ricordati che il mio numero preferito è 47.	0
baseline	2026-09-21-webcam	20260921-141138	Ricordati che il mio numero preferito è quarantasette.	Ricordati che il mio numero preferito è 47.	0
baseline	2026-09-21-webcam	20260921-141208	Ricordati che il mio numero preferito è quarantasette.	Ricordati che il mio numero preferito è 47.	0
baseline	2026-09-21-webcam	20260921-141231	E sai dirmi qual è il mio numero preferito?	E sai dirmi qual è il mio nomolo preferito?	1
baseline	2026-09-21-webcam	20260921-141237	Calliope, esci.	Calliope eshi.	1
baseline	2026-09-21-webcam	20260921-141247	Calliope, esci.	Calliope. Esci.	0
baseline	2026-09-21-webcam-mic-sempre-aperto	20260921-141602	Calliope.	Calliope.	0
baseline	2026-09-21-webcam-mic-sempre-aperto	20260921-141607	Qual è la capitale della Francia?	Qual è la capitale della Francia?	0
baseline	2026-09-21-webcam-mic-sempre-aperto	20260921-141614	E quella della Spagna?	E quella della Spagna?	0
baseline	2026-09-21-webcam-mic-sempre-aperto	20260921-141630	Oggi è proprio una bella giornata.	Oggi è proprio una bella giornata.	0
baseline	2026-09-21-webcam-mic-sempre-aperto	20260921-141637	Calliope, che ore sono?	Calliope, che ore sono?	0
baseline	2026-09-21-webcam-mic-sempre-aperto	20260921-141644	Puoi cambiare voce?	Vuoi cambiare voce?	1
baseline	2026-09-21-webcam-mic-sempre-aperto	20260921-141700	Calliope, quanto dista la Luna dalla Terra?	Calliope, quanto dista la luna dalla terra?	0
baseline	2026-09-21-webcam-mic-sempre-aperto	20260921-141711	Perché il cielo è azzurro?	Perché il cielo è azzurro.	0
baseline	2026-09-21-webcam-mic-sempre-aperto	20260921-141738	Calliope, dimmi tre città della Toscana.	Calliope, dimmi tra città della Toscana.	1
baseline	2026-09-21-webcam-mic-sempre-aperto	20260921-141751	Chi ha scritto I promessi sposi?	Che ha scritto i promessi sposi?	1
baseline	2026-09-21-webcam-mic-sempre-aperto	20260921-141807	Calliope, chi ha scritto I promessi sposi?	Calliope, chi ha scritto i promessi sposi?	0
baseline	2026-09-21-webcam-mic-sempre-aperto	20260921-141814	Calliope.	Calliope.	0
baseline	2026-09-21-webcam-mic-sempre-aperto	20260921-141822	Calliope.	Calliope.	0
baseline	2026-09-21-webcam-mic-sempre-aperto	20260921-141829	Calliope.	Calliope.	0
baseline	2026-09-21-webcam-mic-sempre-aperto	20260921-141844	Calliope, chi ha scritto I promessi sposi?	Calliope ti ha scritto i promessi sposi.	1
baseline	2026-09-21-webcam-mic-sempre-aperto-2	20260921-142147	Calliope.	Calliope.	0
baseline	2026-09-21-webcam-mic-sempre-aperto-2	20260921-142157	Calliope.	Calliope.	0
baseline	2026-09-21-webcam-mic-sempre-aperto-3	20260921-142714	Calliope.	Calliope.	0
baseline	2026-09-21-webcam-mic-sempre-aperto-3	20260921-142719	Qual è la capitale della Francia?	Qual è la capitale della Francia?	0
baseline	2026-09-21-webcam-mic-sempre-aperto-3	20260921-142726	E quella della Spagna?	Grazie a tutti.	4
baseline	2026-09-21-webcam-mic-sempre-aperto-3	20260921-142734	E la sua capitale?	E la sua capitale?	0
baseline	2026-09-21-webcam-mic-sempre-aperto-3	20260921-142752	Oggi è proprio una bella giornata.	Oggi è proprio una bella giornata.	0
baseline	2026-09-21-webcam-mic-sempre-aperto-3	20260921-142757	Calliope, che ore sono?	Calliope. Chiore sono.	2
baseline	2026-09-21-webcam-mic-sempre-aperto-3	20260921-142806	Che ore sono?	Che ore sono?	0
baseline	2026-09-21-webcam-mic-sempre-aperto-3	20260921-142813	Puoi cambiare voce?	Vuoi cambiare voce?	1
baseline	2026-09-21-webcam-mic-sempre-aperto-3	20260921-142831	Calliope, quanto dista la Luna dalla Terra?	Cambio per quanto dista la Luna dalla Terra.	2
baseline	2026-09-21-webcam-mic-sempre-aperto-3	20260921-142841	Calliope, quanto dista la Luna dalla Terra?	Calliope, quanto dista la luna dalla terra?	0
baseline	2026-09-21-webcam-mic-sempre-aperto-3	20260921-142851	Perché il cielo è azzurro?	Per quel che non è il suo lavoro.	7
baseline	2026-09-21-webcam-mic-sempre-aperto-3	20260921-142900	Perché il cielo è azzurro?	Perché il cielo è azuro.	1
baseline	2026-09-21-webcam-mic-sempre-aperto-3	20260921-142922	Calliope, dimmi tre città della Toscana.	Calliope. Dimmi tra città della Toscana.	1
baseline	2026-09-21-webcam-mic-sempre-aperto-3	20260921-142935	Chi ha scritto I promessi sposi?	Chi ha scritto i promessi sposi?	0
baseline	2026-09-21-webcam-mic-sempre-aperto-3	20260921-142958	Calliope, ieri sera ho visto un documentario sulla storia dell'Impero romano e mi sono chiesto quanto tempo ci volesse per andare da Roma a Costantinopoli a cavallo.	Ieri sera ho visto un documentario sulla storia dell'Impero Romano e mi sono chiesto quanto tempo ci volesse per andare da Roma a Costantinopoli a cavallo.	1
baseline	2026-09-21-webcam-mic-sempre-aperto-3	20260921-143018	Calliope, ieri sera ho visto un documentario sulla storia dell'Impero romano e mi sono chiesto quanto tempo ci volesse per andare da Roma a Costantinopoli a cavallo.	Ieri sier ho visto un documentario sulla storia dell'Impero Romano e mi sono chiesto quanto tempo ci volesse per andare da Roma a Costantinopoli a cavallo.	2
baseline	2026-09-21-webcam-mic-sempre-aperto-3	20260921-143032	Calliope.	Calliope.	0
baseline	2026-09-21-webcam-mic-sempre-aperto-3	20260921-143043	ieri sera ho visto un documentario sulla storia dell'Impero romano e mi sono chiesto quanto tempo ci volesse per andare da Roma a Costantinopoli a cavallo.	Ieri sera ho visto un documentario sulla storia dell'Impero Romano e mi sono chiesto quanto tempo ci volesse per andare da Roma a Costantinopoli a cavallo.	0
baseline	2026-09-21-webcam-mic-sempre-aperto-3	20260921-143058	Ricordati che il mio numero preferito è quarantasette.	Ricordati che il mio numero preferito è 47.	0
baseline	2026-09-21-webcam-mic-sempre-aperto-3	20260921-143106	Quindi, qual è il mio numero preferito?	Quindi, qual è il mio numero preferito?	0
baseline	2026-09-21-webcam-mic-sempre-aperto-3	20260921-143125	Calliope, senti, secondo te conviene prendere l'ombrello se il cielo è nuvoloso?	Calliope, senti, secondo te conviene prendere l'ombrello se il cielo è nuvoloso?	0
baseline	2026-09-21-webcam-mic-sempre-aperto-3	20260921-143135	Calliope, esci.	All'io per riuscire.	4
baseline	2026-09-21-webcam-mic-sempre-aperto-3	20260921-143147	Calliope, esci.	Cambio per pesci.	3
baseline	2026-09-21-webcam-mic-sempre-aperto-3	20260921-143156	Calliope, esci.	Calliope esci.	0
baseline	2026-09-24-v03	20260924-115341	Calliope.	Calliope.	0
baseline	2026-09-24-v03	20260924-115346	Qual è la capitale della Francia?	Qual è la capitale della Francia?	0
baseline	2026-09-24-v03	20260924-115357	E quella della Spagna?	Equale lo spagnac.	4
baseline	2026-09-24-v03	20260924-115409	E quella della Spagna?	E quella della Spagna?	0
baseline	2026-09-24-v03	20260924-115435	Oggi è proprio una bella giornata.	Oggi è proprio una bella giornata.	0
baseline	2026-09-24-v03	20260924-115444	Calliope, che ore sono?	Calliope, che ore sono?	0
baseline	2026-09-24-v03	20260924-115453	Puoi cambiare voce?	Puoi cambiare luce.	1
baseline	2026-09-24-v03	20260924-115503	Puoi cambiare voce?	Vuoi cambiare voce?	1
baseline	2026-09-24-v03	20260924-115525	Calliope, quanto dista la Luna dalla Terra?	Calliope, quanto è vista la Luna dalla Terra?	2
baseline	2026-09-24-v03	20260924-115537	Perché il cielo è azzurro?	Perché c'è da un'azurraba?	5
baseline	2026-09-24-v03	20260924-115545	Perché il cielo è azzurro?	Perché il cielo è azzurro?	0
baseline	2026-09-24-v03	20260924-115610	Calliope, dimmi tre città della Toscana.	Calliope, Dimitra, città della Toscana.	2
baseline	2026-09-24-v03	20260924-115625	Dimmi tre città della Toscana.	Dimmi tre città della Toscana.	0
baseline	2026-09-24-v03	20260924-115638	Chi ha scritto I promessi sposi?	Chi ha scritto i Promessi Sposi?	0
baseline	2026-09-24-v03	20260924-115709	Calliope, ieri sera ho visto un documentario sulla storia dell'Impero romano e mi sono chiesto quanto tempo ci volesse per andare da Roma a Costantinopoli a cavallo.	Calliope, ieri sera ho visto un documentario sulla storia dell'Impero Romano e mi sono chiesto quanto tempo ci volesse per andare da Roma a Costantinopoli a cavallo.	0
baseline	2026-09-24-v03	20260924-115728	Ricordati che il mio numero preferito è quarantasette.	Ricordati che il mio numero preferito è 47.	0
baseline	2026-09-24-v03	20260924-115739	Qual è il mio numero preferito?	Qual è il mio numero preferito?	0
baseline	2026-09-24-v03	20260924-115757	Calliope, senti, secondo te conviene prendere l'ombrello se il cielo è nuvoloso?	Calliope, senti, secondo te conviene prendere l'ombrello se il cielo è nuvoloso?	0
baseline	2026-09-24-v03	20260924-115821	Calliope, sai chi sono?	Calliope, sai chi sono?	0
baseline	2026-09-24-v03	20260924-115829	Che giorno è oggi?	Che giorno è oggi?	0
baseline	2026-09-24-v03	20260924-115838	Che voci hai?	Che voce hai?	1
baseline	2026-09-24-v03	20260924-115856	Calliope, usa la voce di Paola.	Calliope usa la voce di Paola.	0
baseline	2026-09-24-v03	20260924-115906	Calliope, usa la voce di Paola.	Calliope usa la voce di Paola.	0
baseline	2026-09-24-v03	20260924-115916	Calliope, usa la voce di Paola.	Calliope usa la voce di Paola.	0
baseline	2026-09-24-v03	20260924-115927	Calliope.	Calliope?	0
baseline	2026-09-24-v03	20260924-120308	Calliope, raccontami una curiosità sul mare.	Calliope, raccontami una curiosità sul mare.	0
baseline	2026-09-24-v03	20260924-120325	Torna alla voce di Serena.	Torna alla voce di Serena.	0
baseline	2026-09-24-v03	20260924-120345	Calliope, chiamami Dario Lipari.	Calliope. Chiamami Dario Lipani.	1
baseline	2026-09-24-v03	20260924-120354	Chiamami Dario.	Chiamano Dario.	1
baseline	2026-09-24-v03	20260924-120404	Calliope, esci.	Calliope, e sci.	2
baseline	2026-09-24-v03	20260924-120412	Esci.	Esci.	0
baseline	2026-09-24-v03b	20260924-122037	Calliope.	Calliope.	0
baseline	2026-09-24-v03b	20260924-122043	Qual è la capitale della Francia?	Quella capitale della Francia...	3
baseline	2026-09-24-v03b	20260924-122052	Qual è la capitale della Francia?	Qual è il capitale della Francia?	1
baseline	2026-09-24-v03b	20260924-122057	E quella della Spagna?	Ricordo la spagnale.	4
baseline	2026-09-24-v03b	20260924-122103	E quella della Spagna?	Quelle della Spagna?	2
baseline	2026-09-24-v03b	20260924-122110	Quanto dista la Luna dalla Terra?	Quanto distaura la luna della terra?	2
baseline	2026-09-24-v03b	20260924-122122	Ricordati che il mio numero preferito è quarantasette.	Ricordati che il mio numero preferito è 47.	0
baseline	2026-09-24-v03b	20260924-122130	Qual è il mio numero preferito?	O la di il numero preferito.	4
baseline	2026-09-24-v03b	20260924-122143	Sai chi sono?	Fai chi sono?	1
baseline	2026-09-24-v03b	20260924-122149	Usa la voce di Paola.	Usa la voce di Paola.	0
baseline	2026-09-24-v03b	20260924-122155	Torna alla voce di Serena.	Torna la voce di Serena.	1
baseline	2026-09-24-v03b	20260924-122202	Chiamami Dario.	Chiamami Dario.	0
baseline	2026-09-24-v03b	20260924-122208	Calliope.	Calliope.	0
baseline	2026-09-24-v03b	20260924-122213	Calliope, esci.	Addio pesci!	2
beam5	2026-09-21-webcam	20260921-140843	Calliope.	Calliope.	0
beam5	2026-09-21-webcam	20260921-140848	Qual è la capitale della Francia?	Con un capitolo della Francia.	4
beam5	2026-09-21-webcam	20260921-140859	Qual è la capitale della Francia?	Qual è la capitale della Francia?	0
beam5	2026-09-21-webcam	20260921-140908	E quella della Spagna?	E quella della Spagna?	0
beam5	2026-09-21-webcam	20260921-140919	Oggi è proprio una bella giornata.	Oggi è proprio una bella giornata.	0
beam5	2026-09-21-webcam	20260921-140938	Puoi cambiare voce?	e poi cambiare voce	2
beam5	2026-09-21-webcam	20260921-140954	Calliope, quanto dista la Luna dalla Terra?	Calliope, quanto dista la luna dalla terra?	0
beam5	2026-09-21-webcam	20260921-141005	Perché il cielo è azzurro?	Perché il cielo è azzurro?	0
beam5	2026-09-21-webcam	20260921-141022	Calliope, dimmi tre città della Toscana.	Calliope, dimmi tre città della Toscana.	0
beam5	2026-09-21-webcam	20260921-141033	Chi ha scritto I promessi sposi?	Chi è spritto il messo e spazi?	6
beam5	2026-09-21-webcam	20260921-141044	Chi ha scritto I promessi sposi?	Chi ha scritto I Promessi Sposi?	0
beam5	2026-09-21-webcam	20260921-141106	Calliope, ieri sera ho visto un documentario sulla storia dell'Impero romano e mi sono chiesto quanto tempo ci volesse per andare da Roma a Costantinopoli a cavallo.	Calliope, ieri sera ho visto un documentale sulla storia dell'impero romano e mi sono chiesto quanto tempo ci volesse per andare da Roma a Costantinopoli a cavallo.	1
beam5	2026-09-21-webcam	20260921-141124	Ricordati che il mio numero preferito è quarantasette.	Ricordati che il mio numero preferito è 47.	0
beam5	2026-09-21-webcam	20260921-141138	Ricordati che il mio numero preferito è quarantasette.	Ricordati che il mio numero preferito è 47.	0
beam5	2026-09-21-webcam	20260921-141208	Ricordati che il mio numero preferito è quarantasette.	Ricordati che il mio numero preferito è 47.	0
beam5	2026-09-21-webcam	20260921-141231	E sai dirmi qual è il mio numero preferito?	E sai dirmi qual è il mio nomolo preferito?	1
beam5	2026-09-21-webcam	20260921-141237	Calliope, esci.	Calliope eshi.	1
beam5	2026-09-21-webcam	20260921-141247	Calliope, esci.	Calliope, esci!	0
beam5	2026-09-21-webcam-mic-sempre-aperto	20260921-141602	Calliope.	Calliope.	0
beam5	2026-09-21-webcam-mic-sempre-aperto	20260921-141607	Qual è la capitale della Francia?	Qual è la capitale della Francia?	0
beam5	2026-09-21-webcam-mic-sempre-aperto	20260921-141614	E quella della Spagna?	E quella della Spagna?	0
beam5	2026-09-21-webcam-mic-sempre-aperto	20260921-141630	Oggi è proprio una bella giornata.	Oggi è proprio una bella giornata.	0
beam5	2026-09-21-webcam-mic-sempre-aperto	20260921-141637	Calliope, che ore sono?	Calliope, che ore sono?	0
beam5	2026-09-21-webcam-mic-sempre-aperto	20260921-141644	Puoi cambiare voce?	Vuoi cambiare voce?	1
beam5	2026-09-21-webcam-mic-sempre-aperto	20260921-141700	Calliope, quanto dista la Luna dalla Terra?	Calliope, quanto dista la luna dalla terra?	0
beam5	2026-09-21-webcam-mic-sempre-aperto	20260921-141711	Perché il cielo è azzurro?	Perché il cielo è azzurro.	0
beam5	2026-09-21-webcam-mic-sempre-aperto	20260921-141738	Calliope, dimmi tre città della Toscana.	Calliope, dimmi tra città della Toscana.	1
beam5	2026-09-21-webcam-mic-sempre-aperto	20260921-141751	Chi ha scritto I promessi sposi?	Che ha scritto i Promessi Sposi?	1
beam5	2026-09-21-webcam-mic-sempre-aperto	20260921-141807	Calliope, chi ha scritto I promessi sposi?	Calliope, chi ha scritto i promessi sposi?	0
beam5	2026-09-21-webcam-mic-sempre-aperto	20260921-141814	Calliope.	Calliope.	0
beam5	2026-09-21-webcam-mic-sempre-aperto	20260921-141822	Calliope.	Calliope.	0
beam5	2026-09-21-webcam-mic-sempre-aperto	20260921-141829	Calliope.	Calliope.	0
beam5	2026-09-21-webcam-mic-sempre-aperto	20260921-141844	Calliope, chi ha scritto I promessi sposi?	Calliope ti ha scritto i promessi sposi.	1
beam5	2026-09-21-webcam-mic-sempre-aperto-2	20260921-142147	Calliope.	Calliope.	0
beam5	2026-09-21-webcam-mic-sempre-aperto-2	20260921-142157	Calliope.	Calliope.	0
beam5	2026-09-21-webcam-mic-sempre-aperto-3	20260921-142714	Calliope.	Calliope.	0
beam5	2026-09-21-webcam-mic-sempre-aperto-3	20260921-142719	Qual è la capitale della Francia?	Qual è la capitale della Francia?	0
beam5	2026-09-21-webcam-mic-sempre-aperto-3	20260921-142726	E quella della Spagna?	Buongiorno a Spagna.	3
beam5	2026-09-21-webcam-mic-sempre-aperto-3	20260921-142734	E la sua capitale?	E la sua capitale?	0
beam5	2026-09-21-webcam-mic-sempre-aperto-3	20260921-142752	Oggi è proprio una bella giornata.	Oggi è proprio una bella giornata.	0
beam5	2026-09-21-webcam-mic-sempre-aperto-3	20260921-142757	Calliope, che ore sono?	Calliope. Chiori sono.	2
beam5	2026-09-21-webcam-mic-sempre-aperto-3	20260921-142806	Che ore sono?	Che ore sono?	0
beam5	2026-09-21-webcam-mic-sempre-aperto-3	20260921-142813	Puoi cambiare voce?	Vuoi cambiare voce?	1
beam5	2026-09-21-webcam-mic-sempre-aperto-3	20260921-142831	Calliope, quanto dista la Luna dalla Terra?	Cambio per Quanto dista la Luna dalla Terra?	2
beam5	2026-09-21-webcam-mic-sempre-aperto-3	20260921-142841	Calliope, quanto dista la Luna dalla Terra?	Calliope, quanto dista la luna dalla terra?	0
beam5	2026-09-21-webcam-mic-sempre-aperto-3	20260921-142851	Perché il cielo è azzurro?	Perché il ciò no è il suo?	4
beam5	2026-09-21-webcam-mic-sempre-aperto-3	20260921-142900	Perché il cielo è azzurro?	Perché il cielo è azzurro.	0
beam5	2026-09-21-webcam-mic-sempre-aperto-3	20260921-142922	Calliope, dimmi tre città della Toscana.	Calliope. Dimmi tra città della Toscana.	1
beam5	2026-09-21-webcam-mic-sempre-aperto-3	20260921-142935	Chi ha scritto I promessi sposi?	Chi ha scritto i promessi sposi?	0
beam5	2026-09-21-webcam-mic-sempre-aperto-3	20260921-142958	Calliope, ieri sera ho visto un documentario sulla storia dell'Impero romano e mi sono chiesto quanto tempo ci volesse per andare da Roma a Costantinopoli a cavallo.	Ieri sera ho visto un documentario sulla storia dell'impero romano e mi sono chiesto quanto tempo ci volesse per andare da Roma a Costantinopoli a cavallo.	1
beam5	2026-09-21-webcam-mic-sempre-aperto-3	20260921-143018	Calliope, ieri sera ho visto un documentario sulla storia dell'Impero romano e mi sono chiesto quanto tempo ci volesse per andare da Roma a Costantinopoli a cavallo.	Ieri si ero visto un documentario sulla storia dell'impero romano e mi sono chiesto quanto tempo ci volesse per andare da Roma a Costantinopoli a cavallo.	3
beam5	2026-09-21-webcam-mic-sempre-aperto-3	20260921-143032	Calliope.	Calliope.	0
beam5	2026-09-21-webcam-mic-sempre-aperto-3	20260921-143043	ieri sera ho visto un documentario sulla storia dell'Impero romano e mi sono chiesto quanto tempo ci volesse per andare da Roma a Costantinopoli a cavallo.	Ieri sera ho visto un documentario sulla storia dell'impero romano e mi sono chiesto quanto tempo ci volesse per andare da Roma a Costantinopoli a cavallo.	0
beam5	2026-09-21-webcam-mic-sempre-aperto-3	20260921-143058	Ricordati che il mio numero preferito è quarantasette.	Ricordati che il mio numero preferito è 47.	0
beam5	2026-09-21-webcam-mic-sempre-aperto-3	20260921-143106	Quindi, qual è il mio numero preferito?	Quindi, qual è il mio numero preferito?	0
beam5	2026-09-21-webcam-mic-sempre-aperto-3	20260921-143125	Calliope, senti, secondo te conviene prendere l'ombrello se il cielo è nuvoloso?	Calliope, senti, secondo te conviene prendere l'ombrello se il cielo è nuvoloso?	0
beam5	2026-09-21-webcam-mic-sempre-aperto-3	20260921-143135	Calliope, esci.	All'io per riuscire.	4
beam5	2026-09-21-webcam-mic-sempre-aperto-3	20260921-143147	Calliope, esci.	Cambio per pesci.	3
beam5	2026-09-21-webcam-mic-sempre-aperto-3	20260921-143156	Calliope, esci.	Calliope esci.	0
beam5	2026-09-24-v03	20260924-115341	Calliope.	Calliope.	0
beam5	2026-09-24-v03	20260924-115346	Qual è la capitale della Francia?	Qual è la capitale della Francia?	0
beam5	2026-09-24-v03	20260924-115357	E quella della Spagna?	Equale lo spagnac.	4
beam5	2026-09-24-v03	20260924-115409	E quella della Spagna?	E quella della Spagna?	0
beam5	2026-09-24-v03	20260924-115435	Oggi è proprio una bella giornata.	Oggi è proprio una bella giornata.	0
beam5	2026-09-24-v03	20260924-115444	Calliope, che ore sono?	Calliope, che ore sono?	0
beam5	2026-09-24-v03	20260924-115453	Puoi cambiare voce?	Puoi cambiare luce.	1
beam5	2026-09-24-v03	20260924-115503	Puoi cambiare voce?	Vuoi cambiare voce?	1
beam5	2026-09-24-v03	20260924-115525	Calliope, quanto dista la Luna dalla Terra?	Calliope, quanto è vista la Luna dalla Terra?	2
beam5	2026-09-24-v03	20260924-115537	Perché il cielo è azzurro?	Perché c'è da un'erzaura?	5
beam5	2026-09-24-v03	20260924-115545	Perché il cielo è azzurro?	Perché il cielo è azzurro?	0
beam5	2026-09-24-v03	20260924-115610	Calliope, dimmi tre città della Toscana.	Calliope, Dimitra, città della Toscana.	2
beam5	2026-09-24-v03	20260924-115625	Dimmi tre città della Toscana.	Dimmi tre città della Toscana.	0
beam5	2026-09-24-v03	20260924-115638	Chi ha scritto I promessi sposi?	Chi ha scritto i Promessi Sposi?	0
beam5	2026-09-24-v03	20260924-115709	Calliope, ieri sera ho visto un documentario sulla storia dell'Impero romano e mi sono chiesto quanto tempo ci volesse per andare da Roma a Costantinopoli a cavallo.	Calliope, ieri sera ho visto un documentario sulla storia dell'Impero Romano e mi sono chiesto quanto tempo ci volesse per andare da Roma a Costantinopoli a cavallo.	0
beam5	2026-09-24-v03	20260924-115728	Ricordati che il mio numero preferito è quarantasette.	Ricordati che il mio numero preferito è 47.	0
beam5	2026-09-24-v03	20260924-115739	Qual è il mio numero preferito?	Qual è il mio numero preferito?	0
beam5	2026-09-24-v03	20260924-115757	Calliope, senti, secondo te conviene prendere l'ombrello se il cielo è nuvoloso?	Calliope, senti, secondo te conviene prendere l'ombrello se il cielo è nuvoloso?	0
beam5	2026-09-24-v03	20260924-115821	Calliope, sai chi sono?	Calliope, sai chi sono?	0
beam5	2026-09-24-v03	20260924-115829	Che giorno è oggi?	Che giorno è oggi?	0
beam5	2026-09-24-v03	20260924-115838	Che voci hai?	Che voce hai?	1
beam5	2026-09-24-v03	20260924-115856	Calliope, usa la voce di Paola.	Calliope usa la voce di Paola.	0
beam5	2026-09-24-v03	20260924-115906	Calliope, usa la voce di Paola.	Calliope, usa la voce di Paola.	0
beam5	2026-09-24-v03	20260924-115916	Calliope, usa la voce di Paola.	Calliope. Usa la voce di Paola.	0
beam5	2026-09-24-v03	20260924-115927	Calliope.	Calliope?	0
beam5	2026-09-24-v03	20260924-120308	Calliope, raccontami una curiosità sul mare.	Calliope, raccontami una curiosità sul mare.	0
beam5	2026-09-24-v03	20260924-120325	Torna alla voce di Serena.	Torna alla voce di Serena.	0
beam5	2026-09-24-v03	20260924-120345	Calliope, chiamami Dario Lipari.	Calliope. Chiava mi darei ulipari.	4
beam5	2026-09-24-v03	20260924-120354	Chiamami Dario.	Chiamano Dario.	1
beam5	2026-09-24-v03	20260924-120404	Calliope, esci.	Calliope, esci.	0
beam5	2026-09-24-v03	20260924-120412	Esci.	Esci.	0
beam5	2026-09-24-v03b	20260924-122037	Calliope.	Calliope.	0
beam5	2026-09-24-v03b	20260924-122043	Qual è la capitale della Francia?	Qual è la capitale della Francia?	0
beam5	2026-09-24-v03b	20260924-122052	Qual è la capitale della Francia?	Qual è il capitale della Francia?	1
beam5	2026-09-24-v03b	20260924-122057	E quella della Spagna?	Per quella donna spagnale.	3
beam5	2026-09-24-v03b	20260924-122103	E quella della Spagna?	Quelle della Spagna?	2
beam5	2026-09-24-v03b	20260924-122110	Quanto dista la Luna dalla Terra?	Quanto distaura la luna della terra?	2
beam5	2026-09-24-v03b	20260924-122122	Ricordati che il mio numero preferito è quarantasette.	Ricordati che il mio numero preferito è 47.	0
beam5	2026-09-24-v03b	20260924-122130	Qual è il mio numero preferito?	Ora è il mio numero preferito.	1
beam5	2026-09-24-v03b	20260924-122143	Sai chi sono?	Fai chi sono?	1
beam5	2026-09-24-v03b	20260924-122149	Usa la voce di Paola.	Usa la voce di Paola.	0
beam5	2026-09-24-v03b	20260924-122155	Torna alla voce di Serena.	Torna la voce di Serena.	1
beam5	2026-09-24-v03b	20260924-122202	Chiamami Dario.	Chiamami Dario.	0
beam5	2026-09-24-v03b	20260924-122208	Calliope.	Calliope.	0
beam5	2026-09-24-v03b	20260924-122213	Calliope, esci.	Addio pesci!	2
float16	2026-09-21-webcam	20260921-140843	Calliope.	Calliope.	0
float16	2026-09-21-webcam	20260921-140848	Qual è la capitale della Francia?	Con un capitolo della Francia.	4
float16	2026-09-21-webcam	20260921-140859	Qual è la capitale della Francia?	Qual è la capitale della Francia?	0
float16	2026-09-21-webcam	20260921-140908	E quella della Spagna?	E quella della Spagna?	0
float16	2026-09-21-webcam	20260921-140919	Oggi è proprio una bella giornata.	Oggi è proprio una bella giornata.	0
float16	2026-09-21-webcam	20260921-140938	Puoi cambiare voce?	E poi cambiare voce.	2
float16	2026-09-21-webcam	20260921-140954	Calliope, quanto dista la Luna dalla Terra?	Calliope, quanto dista la luna dalla terra?	0
float16	2026-09-21-webcam	20260921-141005	Perché il cielo è azzurro?	Perché il cielo è azzurro?	0
float16	2026-09-21-webcam	20260921-141022	Calliope, dimmi tre città della Toscana.	Calliope, dimmi tre città della Toscana.	0
float16	2026-09-21-webcam	20260921-141033	Chi ha scritto I promessi sposi?	Che esplique tipo messi sposi.	5
float16	2026-09-21-webcam	20260921-141044	Chi ha scritto I promessi sposi?	Chi ha scritto I Promessi Sposi?	0
float16	2026-09-21-webcam	20260921-141106	Calliope, ieri sera ho visto un documentario sulla storia dell'Impero romano e mi sono chiesto quanto tempo ci volesse per andare da Roma a Costantinopoli a cavallo.	Calliope, ieri sera ho visto un documentale sulla storia dell'impero romano e mi sono chiesto quanto tempo ci volesse per andare da Roma a Costantinopoli a cavallo.	1
float16	2026-09-21-webcam	20260921-141124	Ricordati che il mio numero preferito è quarantasette.	Ricordati che il mio numero preferito è 47.	0
float16	2026-09-21-webcam	20260921-141138	Ricordati che il mio numero preferito è quarantasette.	Ricordati che il mio numero preferito è 47.	0
float16	2026-09-21-webcam	20260921-141208	Ricordati che il mio numero preferito è quarantasette.	Ricordati che il mio numero preferito è 47.	0
float16	2026-09-21-webcam	20260921-141231	E sai dirmi qual è il mio numero preferito?	E sai dirmi qual è il mio nomolo preferito?	1
float16	2026-09-21-webcam	20260921-141237	Calliope, esci.	Calliope eshi.	1
float16	2026-09-21-webcam	20260921-141247	Calliope, esci.	Calliope esci.	0
float16	2026-09-21-webcam-mic-sempre-aperto	20260921-141602	Calliope.	Calliope.	0
float16	2026-09-21-webcam-mic-sempre-aperto	20260921-141607	Qual è la capitale della Francia?	Qual è la capitale della Francia?	0
float16	2026-09-21-webcam-mic-sempre-aperto	20260921-141614	E quella della Spagna?	E quella della Spagna?	0
float16	2026-09-21-webcam-mic-sempre-aperto	20260921-141630	Oggi è proprio una bella giornata.	Oggi è proprio una bella giornata.	0
float16	2026-09-21-webcam-mic-sempre-aperto	20260921-141637	Calliope, che ore sono?	Calliope, che ore sono?	0
float16	2026-09-21-webcam-mic-sempre-aperto	20260921-141644	Puoi cambiare voce?	Vuoi cambiare voce?	1
float16	2026-09-21-webcam-mic-sempre-aperto	20260921-141700	Calliope, quanto dista la Luna dalla Terra?	Calliope, quanto dista la luna dalla terra?	0
float16	2026-09-21-webcam-mic-sempre-aperto	20260921-141711	Perché il cielo è azzurro?	Perché il cielo è azzurro.	0
float16	2026-09-21-webcam-mic-sempre-aperto	20260921-141738	Calliope, dimmi tre città della Toscana.	Calliope, Dimitra, città della Toscana.	2
float16	2026-09-21-webcam-mic-sempre-aperto	20260921-141751	Chi ha scritto I promessi sposi?	Che ha scritto i promessi sposi?	1
float16	2026-09-21-webcam-mic-sempre-aperto	20260921-141807	Calliope, chi ha scritto I promessi sposi?	Calliope, che ha scritto i promessi sposi?	1
float16	2026-09-21-webcam-mic-sempre-aperto	20260921-141814	Calliope.	Calliope.	0
float16	2026-09-21-webcam-mic-sempre-aperto	20260921-141822	Calliope.	Calliope.	0
float16	2026-09-21-webcam-mic-sempre-aperto	20260921-141829	Calliope.	Calliope.	0
float16	2026-09-21-webcam-mic-sempre-aperto	20260921-141844	Calliope, chi ha scritto I promessi sposi?	Calliope ti ha scritto i promessi sposi.	1
float16	2026-09-21-webcam-mic-sempre-aperto-2	20260921-142147	Calliope.	Calliope.	0
float16	2026-09-21-webcam-mic-sempre-aperto-2	20260921-142157	Calliope.	Calliope.	0
float16	2026-09-21-webcam-mic-sempre-aperto-3	20260921-142714	Calliope.	Calliope.	0
float16	2026-09-21-webcam-mic-sempre-aperto-3	20260921-142719	Qual è la capitale della Francia?	Qual è la capitale della Francia?	0
float16	2026-09-21-webcam-mic-sempre-aperto-3	20260921-142726	E quella della Spagna?	Grazie a tutti.	4
float16	2026-09-21-webcam-mic-sempre-aperto-3	20260921-142734	E la sua capitale?	E la sua capitale?	0
float16	2026-09-21-webcam-mic-sempre-aperto-3	20260921-142752	Oggi è proprio una bella giornata.	Oggi è proprio una bella giornata.	0
float16	2026-09-21-webcam-mic-sempre-aperto-3	20260921-142757	Calliope, che ore sono?	Calliope. Chiore sono?	2
float16	2026-09-21-webcam-mic-sempre-aperto-3	20260921-142806	Che ore sono?	Che ore sono?	0
float16	2026-09-21-webcam-mic-sempre-aperto-3	20260921-142813	Puoi cambiare voce?	Vuoi cambiare voce?	1
float16	2026-09-21-webcam-mic-sempre-aperto-3	20260921-142831	Calliope, quanto dista la Luna dalla Terra?	Cambio per quanto dista la Luna dalla Terra.	2
float16	2026-09-21-webcam-mic-sempre-aperto-3	20260921-142841	Calliope, quanto dista la Luna dalla Terra?	Calliope, quanto dista la luna dalla terra?	0
float16	2026-09-21-webcam-mic-sempre-aperto-3	20260921-142851	Perché il cielo è azzurro?	Perché il cielo è alzuro?	1
float16	2026-09-21-webcam-mic-sempre-aperto-3	20260921-142900	Perché il cielo è azzurro?	Perché il cielo è azzurro.	0
float16	2026-09-21-webcam-mic-sempre-aperto-3	20260921-142922	Calliope, dimmi tre città della Toscana.	Calliope. Dimmi tra città della Toscana.	1
float16	2026-09-21-webcam-mic-sempre-aperto-3	20260921-142935	Chi ha scritto I promessi sposi?	Chi ha scritto i promessi sposi?	0
float16	2026-09-21-webcam-mic-sempre-aperto-3	20260921-142958	Calliope, ieri sera ho visto un documentario sulla storia dell'Impero romano e mi sono chiesto quanto tempo ci volesse per andare da Roma a Costantinopoli a cavallo.	Ieri sera ho visto un documentario sulla storia dell'Impero Romano e mi sono chiesto quanto tempo ci volesse per andare da Roma a Costantinopoli a cavallo.	1
float16	2026-09-21-webcam-mic-sempre-aperto-3	20260921-143018	Calliope, ieri sera ho visto un documentario sulla storia dell'Impero romano e mi sono chiesto quanto tempo ci volesse per andare da Roma a Costantinopoli a cavallo.	Ieri si era visto un documentario sulla storia dell'Impero Romano e mi sono chiesto quanto tempo ci volesse per andare da Roma a Costantinopoli a cavallo.	3
float16	2026-09-21-webcam-mic-sempre-aperto-3	20260921-143032	Calliope.	Calliope.	0
float16	2026-09-21-webcam-mic-sempre-aperto-3	20260921-143043	ieri sera ho visto un documentario sulla storia dell'Impero romano e mi sono chiesto quanto tempo ci volesse per andare da Roma a Costantinopoli a cavallo.	Ieri sera ho visto un documentario sulla storia dell'Impero Romano e mi sono chiesto quanto tempo ci volesse per andare da Roma a Costantinopoli a cavallo.	0
float16	2026-09-21-webcam-mic-sempre-aperto-3	20260921-143058	Ricordati che il mio numero preferito è quarantasette.	Ricordati che il mio numero preferito è 47.	0
float16	2026-09-21-webcam-mic-sempre-aperto-3	20260921-143106	Quindi, qual è il mio numero preferito?	Quindi, qual è il mio numero preferito?	0
float16	2026-09-21-webcam-mic-sempre-aperto-3	20260921-143125	Calliope, senti, secondo te conviene prendere l'ombrello se il cielo è nuvoloso?	Calliope, senti, secondo te conviene prendere l'ombrello se il cielo è nuvoloso?	0
float16	2026-09-21-webcam-mic-sempre-aperto-3	20260921-143135	Calliope, esci.	E il mio bello, esci.	4
float16	2026-09-21-webcam-mic-sempre-aperto-3	20260921-143147	Calliope, esci.	Cambio per pesci.	3
float16	2026-09-21-webcam-mic-sempre-aperto-3	20260921-143156	Calliope, esci.	Calliope esci.	0
float16	2026-09-24-v03	20260924-115341	Calliope.	Calliope.	0
float16	2026-09-24-v03	20260924-115346	Qual è la capitale della Francia?	Qual è la capitale della Francia?	0
float16	2026-09-24-v03	20260924-115357	E quella della Spagna?	Equale lo spagnac.	4
float16	2026-09-24-v03	20260924-115409	E quella della Spagna?	E quella della Spagna?	0
float16	2026-09-24-v03	20260924-115435	Oggi è proprio una bella giornata.	Oggi è proprio una bella giornata.	0
float16	2026-09-24-v03	20260924-115444	Calliope, che ore sono?	Calliope, che ore sono?	0
float16	2026-09-24-v03	20260924-115453	Puoi cambiare voce?	Puoi cambiare la luce.	2
float16	2026-09-24-v03	20260924-115503	Puoi cambiare voce?	Puoi cambiare voce?	0
float16	2026-09-24-v03	20260924-115525	Calliope, quanto dista la Luna dalla Terra?	Calliope, quanto è vista la Luna dalla Terra?	2
float16	2026-09-24-v03	20260924-115537	Perché il cielo è azzurro?	Perchè il c'è il ragazzo, però?	5
float16	2026-09-24-v03	20260924-115545	Perché il cielo è azzurro?	Perché il cielo è azzurro?	0
float16	2026-09-24-v03	20260924-115610	Calliope, dimmi tre città della Toscana.	Calliope, Dimitra, città della Toscana.	2
float16	2026-09-24-v03	20260924-115625	Dimmi tre città della Toscana.	Dimmi tre città della Toscana.	0
float16	2026-09-24-v03	20260924-115638	Chi ha scritto I promessi sposi?	Chi ha scritto i Promessi Sposi?	0
float16	2026-09-24-v03	20260924-115709	Calliope, ieri sera ho visto un documentario sulla storia dell'Impero romano e mi sono chiesto quanto tempo ci volesse per andare da Roma a Costantinopoli a cavallo.	Calliope, ieri sera ho visto un documentario sulla storia dell'impero romano e mi sono chiesto quanto tempo ci volesse per andare da Roma a Costantinopoli a cavallo.	0
float16	2026-09-24-v03	20260924-115728	Ricordati che il mio numero preferito è quarantasette.	Ricordati che il mio numero preferito è 47.	0
float16	2026-09-24-v03	20260924-115739	Qual è il mio numero preferito?	Qual è il mio numero preferito?	0
float16	2026-09-24-v03	20260924-115757	Calliope, senti, secondo te conviene prendere l'ombrello se il cielo è nuvoloso?	Calliope, senti, secondo te conviene prendere l'ombrello se il cielo è nuvoloso?	0
float16	2026-09-24-v03	20260924-115821	Calliope, sai chi sono?	Calliope, sai chi sono?	0
float16	2026-09-24-v03	20260924-115829	Che giorno è oggi?	Che giorno è oggi?	0
float16	2026-09-24-v03	20260924-115838	Che voci hai?	Che voce hai?	1
float16	2026-09-24-v03	20260924-115856	Calliope, usa la voce di Paola.	Calliope usa la voce di Paola.	0
float16	2026-09-24-v03	20260924-115906	Calliope, usa la voce di Paola.	Calliope usa la voce di Paola.	0
float16	2026-09-24-v03	20260924-115916	Calliope, usa la voce di Paola.	Calliope usa la voce di Paola.	0
float16	2026-09-24-v03	20260924-115927	Calliope.	Calliope?	0
float16	2026-09-24-v03	20260924-120308	Calliope, raccontami una curiosità sul mare.	Calliope, raccontami una curiosità sul mare.	0
float16	2026-09-24-v03	20260924-120325	Torna alla voce di Serena.	Torna alla voce di Serena.	0
float16	2026-09-24-v03	20260924-120345	Calliope, chiamami Dario Lipari.	Calliope. Chiavami. Dario Lipani.	2
float16	2026-09-24-v03	20260924-120354	Chiamami Dario.	Yamami Dario.	1
float16	2026-09-24-v03	20260924-120404	Calliope, esci.	Calliope e sci.	2
float16	2026-09-24-v03	20260924-120412	Esci.	Esci.	0
float16	2026-09-24-v03b	20260924-122037	Calliope.	Calliope.	0
float16	2026-09-24-v03b	20260924-122043	Qual è la capitale della Francia?	Quella capitale della Francia?	3
float16	2026-09-24-v03b	20260924-122052	Qual è la capitale della Francia?	Qual è il capitale della Francia?	1
float16	2026-09-24-v03b	20260924-122057	E quella della Spagna?	Per quella donna spagnale.	3
float16	2026-09-24-v03b	20260924-122103	E quella della Spagna?	E quella della Spagna?	0
float16	2026-09-24-v03b	20260924-122110	Quanto dista la Luna dalla Terra?	Quanto distaura la luna della terra?	2
float16	2026-09-24-v03b	20260924-122122	Ricordati che il mio numero preferito è quarantasette.	Ricordati che il mio numero preferito è 47.	0
float16	2026-09-24-v03b	20260924-122130	Qual è il mio numero preferito?	O la di il numero preferito.	4
float16	2026-09-24-v03b	20260924-122143	Sai chi sono?	Fai chi sono?	1
float16	2026-09-24-v03b	20260924-122149	Usa la voce di Paola.	Usa la voce di Paula.	1
float16	2026-09-24-v03b	20260924-122155	Torna alla voce di Serena.	Torna la voce di Serena.	1
float16	2026-09-24-v03b	20260924-122202	Chiamami Dario.	Chiamami Dario.	0
float16	2026-09-24-v03b	20260924-122208	Calliope.	Calliope.	0
float16	2026-09-24-v03b	20260924-122213	Calliope, esci.	Addio pesci!	2
prompt_ricco	2026-09-21-webcam	20260921-140843	Calliope.	Calliope.	0
prompt_ricco	2026-09-21-webcam	20260921-140848	Qual è la capitale della Francia?	Con un capitolo della Francia.	4
prompt_ricco	2026-09-21-webcam	20260921-140859	Qual è la capitale della Francia?	Qual è la capitale della Francia?	0
prompt_ricco	2026-09-21-webcam	20260921-140908	E quella della Spagna?	E quella della Spagna?	0
prompt_ricco	2026-09-21-webcam	20260921-140919	Oggi è proprio una bella giornata.	Oggi è proprio una bella giornata.	0
prompt_ricco	2026-09-21-webcam	20260921-140938	Puoi cambiare voce?	E poi cambiare voce.	2
prompt_ricco	2026-09-21-webcam	20260921-140954	Calliope, quanto dista la Luna dalla Terra?	Calliope, quanto dista la luna dalla terra?	0
prompt_ricco	2026-09-21-webcam	20260921-141005	Perché il cielo è azzurro?	Perché il cielo è azzurro?	0
prompt_ricco	2026-09-21-webcam	20260921-141022	Calliope, dimmi tre città della Toscana.	Calliope, dimmi tre città della Toscana.	0
prompt_ricco	2026-09-21-webcam	20260921-141033	Chi ha scritto I promessi sposi?	C'è scritto un'assistente, Paola.	5
prompt_ricco	2026-09-21-webcam	20260921-141044	Chi ha scritto I promessi sposi?	Chi ha scritto I Promessi Sposi?	0
prompt_ricco	2026-09-21-webcam	20260921-141106	Calliope, ieri sera ho visto un documentario sulla storia dell'Impero romano e mi sono chiesto quanto tempo ci volesse per andare da Roma a Costantinopoli a cavallo.	Calliope, ieri sera ho visto un documentale sulla storia dell'impero romano e mi sono chiesto quanto tempo ci volesse per andare da Roma a Costantinopoli a cavallo.	1
prompt_ricco	2026-09-21-webcam	20260921-141124	Ricordati che il mio numero preferito è quarantasette.	Ricordati che il mio numero preferito è 47.	0
prompt_ricco	2026-09-21-webcam	20260921-141138	Ricordati che il mio numero preferito è quarantasette.	Calliope, ricordati che il mio numero preferito è 47.	1
prompt_ricco	2026-09-21-webcam	20260921-141208	Ricordati che il mio numero preferito è quarantasette.	Ricordati che il mio numero preferito è 47.	0
prompt_ricco	2026-09-21-webcam	20260921-141231	E sai dirmi qual è il mio numero preferito?	E sai dirmi qual è il mio nomolo preferito?	1
prompt_ricco	2026-09-21-webcam	20260921-141237	Calliope, esci.	Calliope, esci.	0
prompt_ricco	2026-09-21-webcam	20260921-141247	Calliope, esci.	Calliope, esci!	0
prompt_ricco	2026-09-21-webcam-mic-sempre-aperto	20260921-141602	Calliope.	Calliope.	0
prompt_ricco	2026-09-21-webcam-mic-sempre-aperto	20260921-141607	Qual è la capitale della Francia?	Qual è la capitale della Francia?	0
prompt_ricco	2026-09-21-webcam-mic-sempre-aperto	20260921-141614	E quella della Spagna?	E quella della Spagna?	0
prompt_ricco	2026-09-21-webcam-mic-sempre-aperto	20260921-141630	Oggi è proprio una bella giornata.	Oggi è proprio una bella giornata.	0
prompt_ricco	2026-09-21-webcam-mic-sempre-aperto	20260921-141637	Calliope, che ore sono?	Calliope, che ore sono?	0
prompt_ricco	2026-09-21-webcam-mic-sempre-aperto	20260921-141644	Puoi cambiare voce?	Vuoi cambiare voce?	1
prompt_ricco	2026-09-21-webcam-mic-sempre-aperto	20260921-141700	Calliope, quanto dista la Luna dalla Terra?	Calliope, quanto dista la luna dalla terra?	0
prompt_ricco	2026-09-21-webcam-mic-sempre-aperto	20260921-141711	Perché il cielo è azzurro?	Perché il cielo è azzurro.	0
prompt_ricco	2026-09-21-webcam-mic-sempre-aperto	20260921-141738	Calliope, dimmi tre città della Toscana.	Calliope, dimmi tre città della Toscana.	0
prompt_ricco	2026-09-21-webcam-mic-sempre-aperto	20260921-141751	Chi ha scritto I promessi sposi?	Che ha scritto i Promessi Sposi?	1
prompt_ricco	2026-09-21-webcam-mic-sempre-aperto	20260921-141807	Calliope, chi ha scritto I promessi sposi?	Calliope, chi ha scritto i promessi sposi?	0
prompt_ricco	2026-09-21-webcam-mic-sempre-aperto	20260921-141814	Calliope.	Calliope!	0
prompt_ricco	2026-09-21-webcam-mic-sempre-aperto	20260921-141822	Calliope.	Calliope.	0
prompt_ricco	2026-09-21-webcam-mic-sempre-aperto	20260921-141829	Calliope.	Calliope.	0
prompt_ricco	2026-09-21-webcam-mic-sempre-aperto	20260921-141844	Calliope, chi ha scritto I promessi sposi?	Calliope ti ha scritto i promessi sposi.	1
prompt_ricco	2026-09-21-webcam-mic-sempre-aperto-2	20260921-142147	Calliope.	Calliope.	0
prompt_ricco	2026-09-21-webcam-mic-sempre-aperto-2	20260921-142157	Calliope.	Calliope.	0
prompt_ricco	2026-09-21-webcam-mic-sempre-aperto-3	20260921-142714	Calliope.	Calliope.	0
prompt_ricco	2026-09-21-webcam-mic-sempre-aperto-3	20260921-142719	Qual è la capitale della Francia?	Qual è la capitale della Francia?	0
prompt_ricco	2026-09-21-webcam-mic-sempre-aperto-3	20260921-142726	E quella della Spagna?	Cura della Spagna.	2
prompt_ricco	2026-09-21-webcam-mic-sempre-aperto-3	20260921-142734	E la sua capitale?	E la sua capitale?	0
prompt_ricco	2026-09-21-webcam-mic-sempre-aperto-3	20260921-142752	Oggi è proprio una bella giornata.	Oggi è proprio una bella giornata.	0
prompt_ricco	2026-09-21-webcam-mic-sempre-aperto-3	20260921-142757	Calliope, che ore sono?	Calliope, che ore sono.	0
prompt_ricco	2026-09-21-webcam-mic-sempre-aperto-3	20260921-142806	Che ore sono?	Che ore sono?	0
prompt_ricco	2026-09-21-webcam-mic-sempre-aperto-3	20260921-142813	Puoi cambiare voce?	Vuoi cambiare voce?	1
prompt_ricco	2026-09-21-webcam-mic-sempre-aperto-3	20260921-142831	Calliope, quanto dista la Luna dalla Terra?	Cambio per quanto dista la Luna dalla Terra.	2
prompt_ricco	2026-09-21-webcam-mic-sempre-aperto-3	20260921-142841	Calliope, quanto dista la Luna dalla Terra?	Calliope, quanto dista la luna dalla terra?	0
prompt_ricco	2026-09-21-webcam-mic-sempre-aperto-3	20260921-142851	Perché il cielo è azzurro?	Per quel giorno è il suo.	5
prompt_ricco	2026-09-21-webcam-mic-sempre-aperto-3	20260921-142900	Perché il cielo è azzurro?	Perché il cielo è azurro.	1
prompt_ricco	2026-09-21-webcam-mic-sempre-aperto-3	20260921-142922	Calliope, dimmi tre città della Toscana.	Calliope, dimmi tra città della Toscana.	1
prompt_ricco	2026-09-21-webcam-mic-sempre-aperto-3	20260921-142935	Chi ha scritto I promessi sposi?	Chi ha scritto i promessi sposi?	0
prompt_ricco	2026-09-21-webcam-mic-sempre-aperto-3	20260921-142958	Calliope, ieri sera ho visto un documentario sulla storia dell'Impero romano e mi sono chiesto quanto tempo ci volesse per andare da Roma a Costantinopoli a cavallo.	Calliope, ieri sera ho visto un documentario sulla storia dell'Impero Romano e mi sono chiesto quanto tempo ci volesse per andare da Roma a Costantinopoli a cavallo.	0
prompt_ricco	2026-09-21-webcam-mic-sempre-aperto-3	20260921-143018	Calliope, ieri sera ho visto un documentario sulla storia dell'Impero romano e mi sono chiesto quanto tempo ci volesse per andare da Roma a Costantinopoli a cavallo.	Calliope, ieri sier ho visto un documentario sulla storia dell'Impero Romano e mi sono chiesto quanto tempo ci volesse per andare da Roma a Costantinopoli a cavallo.	1
prompt_ricco	2026-09-21-webcam-mic-sempre-aperto-3	20260921-143032	Calliope.	Calliope.	0
prompt_ricco	2026-09-21-webcam-mic-sempre-aperto-3	20260921-143043	ieri sera ho visto un documentario sulla storia dell'Impero romano e mi sono chiesto quanto tempo ci volesse per andare da Roma a Costantinopoli a cavallo.	Ieri sera ho visto un documentario sulla storia dell'Impero Romano e mi sono chiesto quanto tempo ci volesse per andare da Roma a Costantinopoli a cavallo.	0
prompt_ricco	2026-09-21-webcam-mic-sempre-aperto-3	20260921-143058	Ricordati che il mio numero preferito è quarantasette.	Ricordati che il mio numero preferito è 47.	0
prompt_ricco	2026-09-21-webcam-mic-sempre-aperto-3	20260921-143106	Quindi, qual è il mio numero preferito?	Quindi, qual'è il mio numero preferito?	0
prompt_ricco	2026-09-21-webcam-mic-sempre-aperto-3	20260921-143125	Calliope, senti, secondo te conviene prendere l'ombrello se il cielo è nuvoloso?	Calliope, senti, secondo te conviene prendere l'ombrello se il cielo è nuvoloso?	0
prompt_ricco	2026-09-21-webcam-mic-sempre-aperto-3	20260921-143135	Calliope, esci.	Calliope, esci.	0
prompt_ricco	2026-09-21-webcam-mic-sempre-aperto-3	20260921-143147	Calliope, esci.	Cambio per pesci.	3
prompt_ricco	2026-09-21-webcam-mic-sempre-aperto-3	20260921-143156	Calliope, esci.	Calliope, esci.	0
prompt_ricco	2026-09-24-v03	20260924-115341	Calliope.	Calliope.	0
prompt_ricco	2026-09-24-v03	20260924-115346	Qual è la capitale della Francia?	Qual è la capitale della Francia?	0
prompt_ricco	2026-09-24-v03	20260924-115357	E quella della Spagna?	E quella della spagnia?	1
prompt_ricco	2026-09-24-v03	20260924-115409	E quella della Spagna?	E quella della Spagna?	0
prompt_ricco	2026-09-24-v03	20260924-115435	Oggi è proprio una bella giornata.	Oggi è proprio una bella giornata.	0
prompt_ricco	2026-09-24-v03	20260924-115444	Calliope, che ore sono?	Calliope, che ore sono?	0
prompt_ricco	2026-09-24-v03	20260924-115453	Puoi cambiare voce?	Puoi cambiare la luce.	2
prompt_ricco	2026-09-24-v03	20260924-115503	Puoi cambiare voce?	Puoi cambiare voce?	0
prompt_ricco	2026-09-24-v03	20260924-115525	Calliope, quanto dista la Luna dalla Terra?	Calliope, quanto è vista la Luna dalla Terra?	2
prompt_ricco	2026-09-24-v03	20260924-115537	Perché il cielo è azzurro?	Per chi è il ragazzo, però?	6
prompt_ricco	2026-09-24-v03	20260924-115545	Perché il cielo è azzurro?	Perché il cielo è azzurro?	0
prompt_ricco	2026-09-24-v03	20260924-115610	Calliope, dimmi tre città della Toscana.	Calliope, dimmi tre città della Toscana.	0
prompt_ricco	2026-09-24-v03	20260924-115625	Dimmi tre città della Toscana.	Dimmi tre città della Toscana.	0
prompt_ricco	2026-09-24-v03	20260924-115638	Chi ha scritto I promessi sposi?	Chi ha scritto i Promessi Sposi?	0
prompt_ricco	2026-09-24-v03	20260924-115709	Calliope, ieri sera ho visto un documentario sulla storia dell'Impero romano e mi sono chiesto quanto tempo ci volesse per andare da Roma a Costantinopoli a cavallo.	Calliope, ieri sera ho visto un documentario sulla storia dell'Impero Romano e mi sono chiesto quanto tempo ci volesse per andare da Roma a Costantinopoli a cavallo.	0
prompt_ricco	2026-09-24-v03	20260924-115728	Ricordati che il mio numero preferito è quarantasette.	Ricordati che il mio numero preferito è 47.	0
prompt_ricco	2026-09-24-v03	20260924-115739	Qual è il mio numero preferito?	Qual è il mio numero preferito?	0
prompt_ricco	2026-09-24-v03	20260924-115757	Calliope, senti, secondo te conviene prendere l'ombrello se il cielo è nuvoloso?	Calliope, senti, secondo te conviene prendere l'ombrello se il cielo è nuvoloso?	0
prompt_ricco	2026-09-24-v03	20260924-115821	Calliope, sai chi sono?	Calliope, sai chi sono?	0
prompt_ricco	2026-09-24-v03	20260924-115829	Che giorno è oggi?	Che giorno è oggi?	0
prompt_ricco	2026-09-24-v03	20260924-115838	Che voci hai?	Che voce hai?	1
prompt_ricco	2026-09-24-v03	20260924-115856	Calliope, usa la voce di Paola.	Calliope, usa la voce di Paola.	0
prompt_ricco	2026-09-24-v03	20260924-115906	Calliope, usa la voce di Paola.	Calliope usa la voce di Paola.	0
prompt_ricco	2026-09-24-v03	20260924-115916	Calliope, usa la voce di Paola.	Calliope usa la voce di Paola.	0
prompt_ricco	2026-09-24-v03	20260924-115927	Calliope.	Calliope?	0
prompt_ricco	2026-09-24-v03	20260924-120308	Calliope, raccontami una curiosità sul mare.	Calliope, raccontami una curiosità sul mare.	0
prompt_ricco	2026-09-24-v03	20260924-120325	Torna alla voce di Serena.	Torna alla voce di Serena.	0
prompt_ricco	2026-09-24-v03	20260924-120345	Calliope, chiamami Dario Lipari.	Calliope, chiamami, darei ulipari.	2
prompt_ricco	2026-09-24-v03	20260924-120354	Chiamami Dario.	chiamano Dario	1
prompt_ricco	2026-09-24-v03	20260924-120404	Calliope, esci.	Calliope, esci.	0
prompt_ricco	2026-09-24-v03	20260924-120412	Esci.	Esci.	0
prompt_ricco	2026-09-24-v03b	20260924-122037	Calliope.	Calliope	0
prompt_ricco	2026-09-24-v03b	20260924-122043	Qual è la capitale della Francia?	Quella capitale della Francia...	3
prompt_ricco	2026-09-24-v03b	20260924-122052	Qual è la capitale della Francia?	Qual è il capitale della Francia?	1
prompt_ricco	2026-09-24-v03b	20260924-122057	E quella della Spagna?	Per quella donna spagnale.	3
prompt_ricco	2026-09-24-v03b	20260924-122103	E quella della Spagna?	Quelle della Spagna?	2
prompt_ricco	2026-09-24-v03b	20260924-122110	Quanto dista la Luna dalla Terra?	Quanto distaura la luna della terra?	2
prompt_ricco	2026-09-24-v03b	20260924-122122	Ricordati che il mio numero preferito è quarantasette.	Ricordati che il mio numero preferito è 47.	0
prompt_ricco	2026-09-24-v03b	20260924-122130	Qual è il mio numero preferito?	Qual è il numero preferito?	1
prompt_ricco	2026-09-24-v03b	20260924-122143	Sai chi sono?	Fai chi sono?	1
prompt_ricco	2026-09-24-v03b	20260924-122149	Usa la voce di Paola.	Usa la voce di Paola.	0
prompt_ricco	2026-09-24-v03b	20260924-122155	Torna alla voce di Serena.	Torna la voce di Serena.	1
prompt_ricco	2026-09-24-v03b	20260924-122202	Chiamami Dario.	Chiamami Dario.	0
prompt_ricco	2026-09-24-v03b	20260924-122208	Calliope.	Calliope.	0
prompt_ricco	2026-09-24-v03b	20260924-122213	Calliope, esci.	Addio pesci!	2
senza_prompt	2026-09-21-webcam	20260921-140843	Calliope.	All'iopea	2
senza_prompt	2026-09-21-webcam	20260921-140848	Qual è la capitale della Francia?	con il capitolo della Francia.	4
senza_prompt	2026-09-21-webcam	20260921-140859	Qual è la capitale della Francia?	Qual è la capitale della Francia?	0
senza_prompt	2026-09-21-webcam	20260921-140908	E quella della Spagna?	E quella della Spagna?	0
senza_prompt	2026-09-21-webcam	20260921-140919	Oggi è proprio una bella giornata.	Oggi è proprio una bella giornata.	0
senza_prompt	2026-09-21-webcam	20260921-140938	Puoi cambiare voce?	e poi cambiare voce	2
senza_prompt	2026-09-21-webcam	20260921-140954	Calliope, quanto dista la Luna dalla Terra?	Calliope, quanto dista la luna dalla terra?	0
senza_prompt	2026-09-21-webcam	20260921-141005	Perché il cielo è azzurro?	Perché il cielo è azzurro?	0
senza_prompt	2026-09-21-webcam	20260921-141022	Calliope, dimmi tre città della Toscana.	Calliope, dimmi tre città della Toscana.	0
senza_prompt	2026-09-21-webcam	20260921-141033	Chi ha scritto I promessi sposi?	che è scritto il messo e spazi.	6
senza_prompt	2026-09-21-webcam	20260921-141044	Chi ha scritto I promessi sposi?	Chi ha scritto I promessi sposi?	0
senza_prompt	2026-09-21-webcam	20260921-141106	Calliope, ieri sera ho visto un documentario sulla storia dell'Impero romano e mi sono chiesto quanto tempo ci volesse per andare da Roma a Costantinopoli a cavallo.	Calliope, ieri sera ho visto un documentale sulla storia dell'impero romano e mi sono chiesto quanto tempo ci volesse per andare da Roma a Costantinopoli a cavallo.	1
senza_prompt	2026-09-21-webcam	20260921-141124	Ricordati che il mio numero preferito è quarantasette.	Ricordati che il mio numero preferito è 47.	0
senza_prompt	2026-09-21-webcam	20260921-141138	Ricordati che il mio numero preferito è quarantasette.	Calliope, ricordati che il mio numero preferito è 47.	1
senza_prompt	2026-09-21-webcam	20260921-141208	Ricordati che il mio numero preferito è quarantasette.	Ricordati che il mio numero preferito è 47.	0
senza_prompt	2026-09-21-webcam	20260921-141231	E sai dirmi qual è il mio numero preferito?	E sai dirmi qual è il mio nomolo preferito?	1
senza_prompt	2026-09-21-webcam	20260921-141237	Calliope, esci.	Calliope Eshi	1
senza_prompt	2026-09-21-webcam	20260921-141247	Calliope, esci.	Calliope, esci!	0
senza_prompt	2026-09-21-webcam-mic-sempre-aperto	20260921-141602	Calliope.	Grazie a tutti.	3
senza_prompt	2026-09-21-webcam-mic-sempre-aperto	20260921-141607	Qual è la capitale della Francia?	Qual è la capitale della Francia?	0
senza_prompt	2026-09-21-webcam-mic-sempre-aperto	20260921-141614	E quella della Spagna?	E quella della Spagna?	0
senza_prompt	2026-09-21-webcam-mic-sempre-aperto	20260921-141630	Oggi è proprio una bella giornata.	Oggi è proprio una bella giornata.	0
senza_prompt	2026-09-21-webcam-mic-sempre-aperto	20260921-141637	Calliope, che ore sono?	Calliope, che ore sono?	0
senza_prompt	2026-09-21-webcam-mic-sempre-aperto	20260921-141644	Puoi cambiare voce?	Vuoi cambiare voce?	1
senza_prompt	2026-09-21-webcam-mic-sempre-aperto	20260921-141700	Calliope, quanto dista la Luna dalla Terra?	Caldì o vede, quanto dista la luna dalla terra?	3
senza_prompt	2026-09-21-webcam-mic-sempre-aperto	20260921-141711	Perché il cielo è azzurro?	perché il cielo è azzurro	0
senza_prompt	2026-09-21-webcam-mic-sempre-aperto	20260921-141738	Calliope, dimmi tre città della Toscana.	Calliope, dimmi tra città della Toscana.	1
senza_prompt	2026-09-21-webcam-mic-sempre-aperto	20260921-141751	Chi ha scritto I promessi sposi?	Che ha scritto i promessi sposi?	1
senza_prompt	2026-09-21-webcam-mic-sempre-aperto	20260921-141807	Calliope, chi ha scritto I promessi sposi?	Liope, chi ha scritto i promessi sposi?	1
senza_prompt	2026-09-21-webcam-mic-sempre-aperto	20260921-141814	Calliope.	Calliope!	0
senza_prompt	2026-09-21-webcam-mic-sempre-aperto	20260921-141822	Calliope.	Ciao a tutti.	3
senza_prompt	2026-09-21-webcam-mic-sempre-aperto	20260921-141829	Calliope.	C'è l'io ben.	5
senza_prompt	2026-09-21-webcam-mic-sempre-aperto	20260921-141844	Calliope, chi ha scritto I promessi sposi?	L'IOP ti ha scritto i promessi sposi.	3
senza_prompt	2026-09-21-webcam-mic-sempre-aperto-2	20260921-142147	Calliope.	Calliopeve	1
senza_prompt	2026-09-21-webcam-mic-sempre-aperto-2	20260921-142157	Calliope.	Dio bene.	2
senza_prompt	2026-09-21-webcam-mic-sempre-aperto-3	20260921-142714	Calliope.	Allì un bel.	3
senza_prompt	2026-09-21-webcam-mic-sempre-aperto-3	20260921-142719	Qual è la capitale della Francia?	Questa è la capitale della Francia.	1
senza_prompt	2026-09-21-webcam-mic-sempre-aperto-3	20260921-142726	E quella della Spagna?	cura della Spagna	2
senza_prompt	2026-09-21-webcam-mic-sempre-aperto-3	20260921-142734	E la sua capitale?	E la sua capitale?	0
senza_prompt	2026-09-21-webcam-mic-sempre-aperto-3	20260921-142752	Oggi è proprio una bella giornata.	Oggi è proprio una bella giornata.	0
senza_prompt	2026-09-21-webcam-mic-sempre-aperto-3	20260921-142757	Calliope, che ore sono?	Caldiope, chiore sono?	3
senza_prompt	2026-09-21-webcam-mic-sempre-aperto-3	20260921-142806	Che ore sono?	Che ore sono?	0
senza_prompt	2026-09-21-webcam-mic-sempre-aperto-3	20260921-142813	Puoi cambiare voce?	Vuoi cambiare voce?	1
senza_prompt	2026-09-21-webcam-mic-sempre-aperto-3	20260921-142831	Calliope, quanto dista la Luna dalla Terra?	Cambio per quanto dista la Luna dalla Terra.	2
senza_prompt	2026-09-21-webcam-mic-sempre-aperto-3	20260921-142841	Calliope, quanto dista la Luna dalla Terra?	Calliope, quanto dista la luna dalla terra?	0
senza_prompt	2026-09-21-webcam-mic-sempre-aperto-3	20260921-142851	Perché il cielo è azzurro?	Per quel ciò no è il suo trozo.	7
senza_prompt	2026-09-21-webcam-mic-sempre-aperto-3	20260921-142900	Perché il cielo è azzurro?	perché il cielo è azuro.	1
senza_prompt	2026-09-21-webcam-mic-sempre-aperto-3	20260921-142922	Calliope, dimmi tre città della Toscana.	Cambio un bene. Dimmi tra città della Toscana.	4
senza_prompt	2026-09-21-webcam-mic-sempre-aperto-3	20260921-142935	Chi ha scritto I promessi sposi?	Chi ha scritto i promessi sposi?	0
senza_prompt	2026-09-21-webcam-mic-sempre-aperto-3	20260921-142958	Calliope, ieri sera ho visto un documentario sulla storia dell'Impero romano e mi sono chiesto quanto tempo ci volesse per andare da Roma a Costantinopoli a cavallo.	Galliope, ieri sera ho visto un documentario sulla storia dell'impero romano e mi sono chiesto quanto tempo ci volesse per andare da Roma a Costantinopoli a cavallo.	1
senza_prompt	2026-09-21-webcam-mic-sempre-aperto-3	20260921-143018	Calliope, ieri sera ho visto un documentario sulla storia dell'Impero romano e mi sono chiesto quanto tempo ci volesse per andare da Roma a Costantinopoli a cavallo.	Calliope, ieri sier ho visto un documentario sulla storia dell'Impero Romano e mi sono chiesto quanto tempo ci volesse per andare da Roma a Costantinopoli a cavallo.	1
senza_prompt	2026-09-21-webcam-mic-sempre-aperto-3	20260921-143032	Calliope.	Grazie a tutti.	3
senza_prompt	2026-09-21-webcam-mic-sempre-aperto-3	20260921-143043	ieri sera ho visto un documentario sulla storia dell'Impero romano e mi sono chiesto quanto tempo ci volesse per andare da Roma a Costantinopoli a cavallo.	Ieri sera ho visto un documentario sulla storia dell'Impero Romano e mi sono chiesto quanto tempo ci volesse per andare da Roma a Costantinopoli a cavallo.	0
senza_prompt	2026-09-21-webcam-mic-sempre-aperto-3	20260921-143058	Ricordati che il mio numero preferito è quarantasette.	Ricordati che il mio numero preferito è 47.	0
senza_prompt	2026-09-21-webcam-mic-sempre-aperto-3	20260921-143106	Quindi, qual è il mio numero preferito?	Quindi, qual è il mio numero preferito?	0
senza_prompt	2026-09-21-webcam-mic-sempre-aperto-3	20260921-143125	Calliope, senti, secondo te conviene prendere l'ombrello se il cielo è nuvoloso?	Alliobe, senti, secondo te conviene prendere l'ombrello se il cielo è nuvoloso?	1
senza_prompt	2026-09-21-webcam-mic-sempre-aperto-3	20260921-143135	Calliope, esci.	È il mio bebé, esci.	4
senza_prompt	2026-09-21-webcam-mic-sempre-aperto-3	20260921-143147	Calliope, esci.	cambio per pesci	3
senza_prompt	2026-09-21-webcam-mic-sempre-aperto-3	20260921-143156	Calliope, esci.	Cambio per esci.	2
senza_prompt	2026-09-24-v03	20260924-115341	Calliope.	Heldi OPEC!	2
senza_prompt	2026-09-24-v03	20260924-115346	Qual è la capitale della Francia?	Qual è la capitale della Francia?	0
senza_prompt	2026-09-24-v03	20260924-115357	E quella della Spagna?	Equerlo spagnolo.	4
senza_prompt	2026-09-24-v03	20260924-115409	E quella della Spagna?	E quella della Spagna?	0
senza_prompt	2026-09-24-v03	20260924-115435	Oggi è proprio una bella giornata.	Oggi è proprio una bella giornata.	0
senza_prompt	2026-09-24-v03	20260924-115444	Calliope, che ore sono?	Allio, per che ore sono?	2
senza_prompt	2026-09-24-v03	20260924-115453	Puoi cambiare voce?	Puoi cambiare luce.	1
senza_prompt	2026-09-24-v03	20260924-115503	Puoi cambiare voce?	Vuoi cambiare voce?	1
senza_prompt	2026-09-24-v03	20260924-115525	Calliope, quanto dista la Luna dalla Terra?	L'Iope, quanto è vista la Luna dalla Terra?	4
senza_prompt	2026-09-24-v03	20260924-115537	Perché il cielo è azzurro?	Per quel che c'è la sua roba?	7
senza_prompt	2026-09-24-v03	20260924-115545	Perché il cielo è azzurro?	Perché il cielo è azzurro?	0
senza_prompt	2026-09-24-v03	20260924-115610	Calliope, dimmi tre città della Toscana.	Dimitra, città della Toscana.	3
senza_prompt	2026-09-24-v03	20260924-115625	Dimmi tre città della Toscana.	Dimmi tre città della Toscana.	0
senza_prompt	2026-09-24-v03	20260924-115638	Chi ha scritto I promessi sposi?	Chi ha scritto i Promessi Sposi?	0
senza_prompt	2026-09-24-v03	20260924-115709	Calliope, ieri sera ho visto un documentario sulla storia dell'Impero romano e mi sono chiesto quanto tempo ci volesse per andare da Roma a Costantinopoli a cavallo.	Calle Leopè, ieri sera ho visto un documentario sulla storia dell'Impero Romano e mi sono chiesto quanto tempo ci volesse per andare da Roma a Costantinopoli a cavallo.	2
senza_prompt	2026-09-24-v03	20260924-115728	Ricordati che il mio numero preferito è quarantasette.	Ricordati che il mio numero preferito è 47.	0
senza_prompt	2026-09-24-v03	20260924-115739	Qual è il mio numero preferito?	Qual è il mio numero preferito?	0
senza_prompt	2026-09-24-v03	20260924-115757	Calliope, senti, secondo te conviene prendere l'ombrello se il cielo è nuvoloso?	Calliope, senti, secondo te conviene prendere l'ombrello se il cielo è nuvoloso?	0
senza_prompt	2026-09-24-v03	20260924-115821	Calliope, sai chi sono?	Allora io per sai chi sono?	3
senza_prompt	2026-09-24-v03	20260924-115829	Che giorno è oggi?	Che giorno è oggi?	0
senza_prompt	2026-09-24-v03	20260924-115838	Che voci hai?	Che voce hai?	1
senza_prompt	2026-09-24-v03	20260924-115856	Calliope, usa la voce di Paola.	Calliope, usa la voce di Paola.	0
senza_prompt	2026-09-24-v03	20260924-115906	Calliope, usa la voce di Paola.	Calleope usa la voce di Paola.	1
senza_prompt	2026-09-24-v03	20260924-115916	Calliope, usa la voce di Paola.	Calpiope usa la voce di Paola.	1
senza_prompt	2026-09-24-v03	20260924-115927	Calliope.	Calvi open?	2
senza_prompt	2026-09-24-v03	20260924-120308	Calliope, raccontami una curiosità sul mare.	Cambio per raccontarvi una curiosità sul mare.	3
senza_prompt	2026-09-24-v03	20260924-120325	Torna alla voce di Serena.	Torna alla voce di Serena.	0
senza_prompt	2026-09-24-v03	20260924-120345	Calliope, chiamami Dario Lipari.	All'iobe, chiama mi dare il lìppari.	7
senza_prompt	2026-09-24-v03	20260924-120354	Chiamami Dario.	chiamano Dario	1
senza_prompt	2026-09-24-v03	20260924-120404	Calliope, esci.	cambio per esci	2
senza_prompt	2026-09-24-v03	20260924-120412	Esci.	Esci.	0
senza_prompt	2026-09-24-v03b	20260924-122037	Calliope.	Cali Opet	2
senza_prompt	2026-09-24-v03b	20260924-122043	Qual è la capitale della Francia?	quella che capita nella Francia	5
senza_prompt	2026-09-24-v03b	20260924-122052	Qual è la capitale della Francia?	Qual è il capitale dello Francia?	2
senza_prompt	2026-09-24-v03b	20260924-122057	E quella della Spagna?	Ricorda la spagna.	3
senza_prompt	2026-09-24-v03b	20260924-122103	E quella della Spagna?	Quelle della Spagna?	2
senza_prompt	2026-09-24-v03b	20260924-122110	Quanto dista la Luna dalla Terra?	Quanto distaura la luna della terva?	3
senza_prompt	2026-09-24-v03b	20260924-122122	Ricordati che il mio numero preferito è quarantasette.	Ricordati che il mio numero preferito è 47.	0
senza_prompt	2026-09-24-v03b	20260924-122130	Qual è il mio numero preferito?	o nel mio numero preferito	3
senza_prompt	2026-09-24-v03b	20260924-122143	Sai chi sono?	Fai chi sono?	1
senza_prompt	2026-09-24-v03b	20260924-122149	Usa la voce di Paola.	Usa la voce di Paula.	1
senza_prompt	2026-09-24-v03b	20260924-122155	Torna alla voce di Serena.	Torna la voce di Serena.	1
senza_prompt	2026-09-24-v03b	20260924-122202	Chiamami Dario.	Chiamami Dario.	0
senza_prompt	2026-09-24-v03b	20260924-122208	Calliope.	Grazie a tutti.	3
senza_prompt	2026-09-24-v03b	20260924-122213	Calliope, esci.	Addio pesci!	2
hotwords	2026-09-21-webcam	20260921-140843	Calliope.	Calliope.	0
hotwords	2026-09-21-webcam	20260921-140848	Qual è la capitale della Francia?	Con un capitolo della Francia.	4
hotwords	2026-09-21-webcam	20260921-140859	Qual è la capitale della Francia?	Qual è la capitale della Francia?	0
hotwords	2026-09-21-webcam	20260921-140908	E quella della Spagna?	E quella della Spagna?	0
hotwords	2026-09-21-webcam	20260921-140919	Oggi è proprio una bella giornata.	Oggi è proprio una bella giornata.	0
hotwords	2026-09-21-webcam	20260921-140938	Puoi cambiare voce?	e poi cambiare voce	2
hotwords	2026-09-21-webcam	20260921-140954	Calliope, quanto dista la Luna dalla Terra?	Calliope, quanto dista la luna dalla terra?	0
hotwords	2026-09-21-webcam	20260921-141005	Perché il cielo è azzurro?	Perché il cielo è azzurro?	0
hotwords	2026-09-21-webcam	20260921-141022	Calliope, dimmi tre città della Toscana.	Calliope, dimmi tre città della Toscana.	0
hotwords	2026-09-21-webcam	20260921-141033	Chi ha scritto I promessi sposi?	Chi è spritto il messo e spazi?	6
hotwords	2026-09-21-webcam	20260921-141044	Chi ha scritto I promessi sposi?	Chi ha scritto I Promessi Sposi?	0
hotwords	2026-09-21-webcam	20260921-141106	Calliope, ieri sera ho visto un documentario sulla storia dell'Impero romano e mi sono chiesto quanto tempo ci volesse per andare da Roma a Costantinopoli a cavallo.	Calliope, ieri sera ho visto un documentale sulla storia dell'impero romano e mi sono chiesto quanto tempo ci volesse per andare da Roma a Costantinopoli a cavallo.	1
hotwords	2026-09-21-webcam	20260921-141124	Ricordati che il mio numero preferito è quarantasette.	Ricordati che il mio numero preferito è 47.	0
hotwords	2026-09-21-webcam	20260921-141138	Ricordati che il mio numero preferito è quarantasette.	Ricordati che il mio numero preferito è 47.	0
hotwords	2026-09-21-webcam	20260921-141208	Ricordati che il mio numero preferito è quarantasette.	Ricordati che il mio numero preferito è 47.	0
hotwords	2026-09-21-webcam	20260921-141231	E sai dirmi qual è il mio numero preferito?	E sai dirmi qual è il mio nomolo preferito?	1
hotwords	2026-09-21-webcam	20260921-141237	Calliope, esci.	Calliope Eshi.	1
hotwords	2026-09-21-webcam	20260921-141247	Calliope, esci.	Calliope Esci!	0
hotwords	2026-09-21-webcam-mic-sempre-aperto	20260921-141602	Calliope.	Calliope.	0
hotwords	2026-09-21-webcam-mic-sempre-aperto	20260921-141607	Qual è la capitale della Francia?	Qual è la capitale della Francia?	0
hotwords	2026-09-21-webcam-mic-sempre-aperto	20260921-141614	E quella della Spagna?	E quella della Spagna?	0
hotwords	2026-09-21-webcam-mic-sempre-aperto	20260921-141630	Oggi è proprio una bella giornata.	Oggi è proprio una bella giornata.	0
hotwords	2026-09-21-webcam-mic-sempre-aperto	20260921-141637	Calliope, che ore sono?	Calliope, che ore sono?	0
hotwords	2026-09-21-webcam-mic-sempre-aperto	20260921-141644	Puoi cambiare voce?	Vuoi cambiare voce?	1
hotwords	2026-09-21-webcam-mic-sempre-aperto	20260921-141700	Calliope, quanto dista la Luna dalla Terra?	Calliope, quanto dista la luna dalla terra?	0
hotwords	2026-09-21-webcam-mic-sempre-aperto	20260921-141711	Perché il cielo è azzurro?	Perché il cielo è azzurro.	0
hotwords	2026-09-21-webcam-mic-sempre-aperto	20260921-141738	Calliope, dimmi tre città della Toscana.	Calliope, dimmi tra città della Toscana.	1
hotwords	2026-09-21-webcam-mic-sempre-aperto	20260921-141751	Chi ha scritto I promessi sposi?	Che ha scritto i Promessi Sposi?	1
hotwords	2026-09-21-webcam-mic-sempre-aperto	20260921-141807	Calliope, chi ha scritto I promessi sposi?	Calliope, che ha scritto i promessi sposi?	1
hotwords	2026-09-21-webcam-mic-sempre-aperto	20260921-141814	Calliope.	Calliope.	0
hotwords	2026-09-21-webcam-mic-sempre-aperto	20260921-141822	Calliope.	Calliope.	0
hotwords	2026-09-21-webcam-mic-sempre-aperto	20260921-141829	Calliope.	Calliope	0
hotwords	2026-09-21-webcam-mic-sempre-aperto	20260921-141844	Calliope, chi ha scritto I promessi sposi?	Calliope ti ha scritto i promessi sposi.	1
hotwords	2026-09-21-webcam-mic-sempre-aperto-2	20260921-142147	Calliope.	Calliope.	0
hotwords	2026-09-21-webcam-mic-sempre-aperto-2	20260921-142157	Calliope.	Calliope.	0
hotwords	2026-09-21-webcam-mic-sempre-aperto-3	20260921-142714	Calliope.	Calliope.	0
hotwords	2026-09-21-webcam-mic-sempre-aperto-3	20260921-142719	Qual è la capitale della Francia?	Qual è la capitale della Francia?	0
hotwords	2026-09-21-webcam-mic-sempre-aperto-3	20260921-142726	E quella della Spagna?	Buongiorno a Spagna.	3
hotwords	2026-09-21-webcam-mic-sempre-aperto-3	20260921-142734	E la sua capitale?	E la sua capitale?	0
hotwords	2026-09-21-webcam-mic-sempre-aperto-3	20260921-142752	Oggi è proprio una bella giornata.	Oggi è proprio una bella giornata.	0
hotwords	2026-09-21-webcam-mic-sempre-aperto-3	20260921-142757	Calliope, che ore sono?	Calliope, che ore sono?	0
hotwords	2026-09-21-webcam-mic-sempre-aperto-3	20260921-142806	Che ore sono?	Che ore sono?	0
hotwords	2026-09-21-webcam-mic-sempre-aperto-3	20260921-142813	Puoi cambiare voce?	Vuoi cambiare voce?	1
hotwords	2026-09-21-webcam-mic-sempre-aperto-3	20260921-142831	Calliope, quanto dista la Luna dalla Terra?	Cambio per quanto dista la Luna dalla Terra.	2
hotwords	2026-09-21-webcam-mic-sempre-aperto-3	20260921-142841	Calliope, quanto dista la Luna dalla Terra?	Calliope, quanto dista la luna dalla terra?	0
hotwords	2026-09-21-webcam-mic-sempre-aperto-3	20260921-142851	Perché il cielo è azzurro?	Per che ci sono azzurro.	4
hotwords	2026-09-21-webcam-mic-sempre-aperto-3	20260921-142900	Perché il cielo è azzurro?	Perché il cielo è azurro.	1
hotwords	2026-09-21-webcam-mic-sempre-aperto-3	20260921-142922	Calliope, dimmi tre città della Toscana.	Calliope, dimmi tra città della Toscana.	1
hotwords	2026-09-21-webcam-mic-sempre-aperto-3	20260921-142935	Chi ha scritto I promessi sposi?	Chi ha scritto i promessi sposi?	0
hotwords	2026-09-21-webcam-mic-sempre-aperto-3	20260921-142958	Calliope, ieri sera ho visto un documentario sulla storia dell'Impero romano e mi sono chiesto quanto tempo ci volesse per andare da Roma a Costantinopoli a cavallo.	Ieri sera ho visto un documentario sulla storia dell'Impero Romano e mi sono chiesto quanto tempo ci volesse per andare da Roma a Costantinopoli a cavallo.	1
hotwords	2026-09-21-webcam-mic-sempre-aperto-3	20260921-143018	Calliope, ieri sera ho visto un documentario sulla storia dell'Impero romano e mi sono chiesto quanto tempo ci volesse per andare da Roma a Costantinopoli a cavallo.	Ieri sier ho visto un documentario sulla storia dell'Impero Romano e mi sono chiesto quanto tempo ci volesse per andare da Roma a Costantinopoli a cavallo.	2
hotwords	2026-09-21-webcam-mic-sempre-aperto-3	20260921-143032	Calliope.	Calliope.	0
hotwords	2026-09-21-webcam-mic-sempre-aperto-3	20260921-143043	ieri sera ho visto un documentario sulla storia dell'Impero romano e mi sono chiesto quanto tempo ci volesse per andare da Roma a Costantinopoli a cavallo.	Ieri sera ho visto un documentario sulla storia dell'Impero Romano e mi sono chiesto quanto tempo ci volesse per andare da Roma a Costantinopoli a cavallo.	0
hotwords	2026-09-21-webcam-mic-sempre-aperto-3	20260921-143058	Ricordati che il mio numero preferito è quarantasette.	Ricordati che il mio numero preferito è 47.	0
hotwords	2026-09-21-webcam-mic-sempre-aperto-3	20260921-143106	Quindi, qual è il mio numero preferito?	Quindi, qual è il mio numero preferito?	0
hotwords	2026-09-21-webcam-mic-sempre-aperto-3	20260921-143125	Calliope, senti, secondo te conviene prendere l'ombrello se il cielo è nuvoloso?	Calliope, senti, secondo te conviene prendere l'ombrello se il cielo è nuvoloso?	0
hotwords	2026-09-21-webcam-mic-sempre-aperto-3	20260921-143135	Calliope, esci.	Calliope Esci.	0
hotwords	2026-09-21-webcam-mic-sempre-aperto-3	20260921-143147	Calliope, esci.	Cambio per pesci.	3
hotwords	2026-09-21-webcam-mic-sempre-aperto-3	20260921-143156	Calliope, esci.	Calliope Esci.	0
hotwords	2026-09-24-v03	20260924-115341	Calliope.	Calliope.	0
hotwords	2026-09-24-v03	20260924-115346	Qual è la capitale della Francia?	Qual è la capitale della Francia?	0
hotwords	2026-09-24-v03	20260924-115357	E quella della Spagna?	Equale lo spagnac.	4
hotwords	2026-09-24-v03	20260924-115409	E quella della Spagna?	E quella della Spagna?	0
hotwords	2026-09-24-v03	20260924-115435	Oggi è proprio una bella giornata.	Oggi è proprio una bella giornata.	0
hotwords	2026-09-24-v03	20260924-115444	Calliope, che ore sono?	Calliope, che ore sono?	0
hotwords	2026-09-24-v03	20260924-115453	Puoi cambiare voce?	Puoi cambiare luce.	1
hotwords	2026-09-24-v03	20260924-115503	Puoi cambiare voce?	Vuoi cambiare voce?	1
hotwords	2026-09-24-v03	20260924-115525	Calliope, quanto dista la Luna dalla Terra?	Calliope, quanto è vista la Luna dalla Terra?	2
hotwords	2026-09-24-v03	20260924-115537	Perché il cielo è azzurro?	Per chi è il ragazzo, però?	6
hotwords	2026-09-24-v03	20260924-115545	Perché il cielo è azzurro?	Perché il cielo è azzurro?	0
hotwords	2026-09-24-v03	20260924-115610	Calliope, dimmi tre città della Toscana.	Calliope Dimitra, città della Toscana.	2
hotwords	2026-09-24-v03	20260924-115625	Dimmi tre città della Toscana.	Dimmi tre città della Toscana.	0
hotwords	2026-09-24-v03	20260924-115638	Chi ha scritto I promessi sposi?	Chi ha scritto i Promessi Sposi?	0
hotwords	2026-09-24-v03	20260924-115709	Calliope, ieri sera ho visto un documentario sulla storia dell'Impero romano e mi sono chiesto quanto tempo ci volesse per andare da Roma a Costantinopoli a cavallo.	Calliope, ieri sera ho visto un documentario sulla storia dell'Impero Romano e mi sono chiesto quanto tempo ci volesse per andare da Roma a Costantinopoli a cavallo.	0
hotwords	2026-09-24-v03	20260924-115728	Ricordati che il mio numero preferito è quarantasette.	Ricordati che il mio numero preferito è 47.	0
hotwords	2026-09-24-v03	20260924-115739	Qual è il mio numero preferito?	Qual è il mio numero preferito?	0
hotwords	2026-09-24-v03	20260924-115757	Calliope, senti, secondo te conviene prendere l'ombrello se il cielo è nuvoloso?	Calliope, senti, secondo te conviene prendere l'ombrello se il cielo è nuvoloso?	0
hotwords	2026-09-24-v03	20260924-115821	Calliope, sai chi sono?	Calliope, sai chi sono?	0
hotwords	2026-09-24-v03	20260924-115829	Che giorno è oggi?	Che giorni è oggi?	1
hotwords	2026-09-24-v03	20260924-115838	Che voci hai?	Che voce hai?	1
hotwords	2026-09-24-v03	20260924-115856	Calliope, usa la voce di Paola.	Calliope usa la voce di Paola.	0
hotwords	2026-09-24-v03	20260924-115906	Calliope, usa la voce di Paola.	Calliope usa la voce di Paola.	0
hotwords	2026-09-24-v03	20260924-115916	Calliope, usa la voce di Paola.	Calliope usa la voce di Paola.	0
hotwords	2026-09-24-v03	20260924-115927	Calliope.	Calliope?	0
hotwords	2026-09-24-v03	20260924-120308	Calliope, raccontami una curiosità sul mare.	Calliope, raccontami una curiosità sul mare.	0
hotwords	2026-09-24-v03	20260924-120325	Torna alla voce di Serena.	Torna alla voce di Serena.	0
hotwords	2026-09-24-v03	20260924-120345	Calliope, chiamami Dario Lipari.	Calliope, chiamami, darei ulipari.	2
hotwords	2026-09-24-v03	20260924-120354	Chiamami Dario.	Chiamano Dario.	1
hotwords	2026-09-24-v03	20260924-120404	Calliope, esci.	Calliope, è sci.	2
hotwords	2026-09-24-v03	20260924-120412	Esci.	Esci.	0
hotwords	2026-09-24-v03b	20260924-122037	Calliope.	Calliope	0
hotwords	2026-09-24-v03b	20260924-122043	Qual è la capitale della Francia?	Quella capitale della Francia...	3
hotwords	2026-09-24-v03b	20260924-122052	Qual è la capitale della Francia?	Qual è il capitale della Francia?	1
hotwords	2026-09-24-v03b	20260924-122057	E quella della Spagna?	Riccardo la Spagna.	3
hotwords	2026-09-24-v03b	20260924-122103	E quella della Spagna?	Quelle della Spagna?	2
hotwords	2026-09-24-v03b	20260924-122110	Quanto dista la Luna dalla Terra?	Quanto distaura la luna della terra?	2
hotwords	2026-09-24-v03b	20260924-122122	Ricordati che il mio numero preferito è quarantasette.	Ricordati che il mio numero preferito è 47.	0
hotwords	2026-09-24-v03b	20260924-122130	Qual è il mio numero preferito?	O la di il numero preferito.	4
hotwords	2026-09-24-v03b	20260924-122143	Sai chi sono?	Fai chi sono?	1
hotwords	2026-09-24-v03b	20260924-122149	Usa la voce di Paola.	Usa la voce di Paola.	0
hotwords	2026-09-24-v03b	20260924-122155	Torna alla voce di Serena.	Torna la voce di Serena.	1
hotwords	2026-09-24-v03b	20260924-122202	Chiamami Dario.	Chiamami Dario.	0
hotwords	2026-09-24-v03b	20260924-122208	Calliope.	Calliope.	0
hotwords	2026-09-24-v03b	20260924-122213	Calliope, esci.	Addio pesci!	2
temp0	2026-09-21-webcam	20260921-140843	Calliope.	Calliope.	0
temp0	2026-09-21-webcam	20260921-140848	Qual è la capitale della Francia?	Con un capitolo della Francia.	4
temp0	2026-09-21-webcam	20260921-140859	Qual è la capitale della Francia?	Qual è la capitale della Francia?	0
temp0	2026-09-21-webcam	20260921-140908	E quella della Spagna?	E quella della Spagna?	0
temp0	2026-09-21-webcam	20260921-140919	Oggi è proprio una bella giornata.	Oggi è proprio una bella giornata.	0
temp0	2026-09-21-webcam	20260921-140938	Puoi cambiare voce?	E poi cambiare voce.	2
temp0	2026-09-21-webcam	20260921-140954	Calliope, quanto dista la Luna dalla Terra?	Calliope, quanto dista la luna dalla terra?	0
temp0	2026-09-21-webcam	20260921-141005	Perché il cielo è azzurro?	Perché il cielo è azzurro?	0
temp0	2026-09-21-webcam	20260921-141022	Calliope, dimmi tre città della Toscana.	Calliope, dimmi tre città della Toscana.	0
temp0	2026-09-21-webcam	20260921-141033	Chi ha scritto I promessi sposi?	Che esplique tipo messi sposi.	5
temp0	2026-09-21-webcam	20260921-141044	Chi ha scritto I promessi sposi?	Chi ha scritto I Promessi Sposi?	0
temp0	2026-09-21-webcam	20260921-141106	Calliope, ieri sera ho visto un documentario sulla storia dell'Impero romano e mi sono chiesto quanto tempo ci volesse per andare da Roma a Costantinopoli a cavallo.	Calliope, ieri sera ho visto un documentale sulla storia dell'impero romano e mi sono chiesto quanto tempo ci volesse per andare da Roma a Costantinopoli a cavallo.	1
temp0	2026-09-21-webcam	20260921-141124	Ricordati che il mio numero preferito è quarantasette.	Ricordati che il mio numero preferito è 47.	0
temp0	2026-09-21-webcam	20260921-141138	Ricordati che il mio numero preferito è quarantasette.	Ricordati che il mio numero preferito è 47.	0
temp0	2026-09-21-webcam	20260921-141208	Ricordati che il mio numero preferito è quarantasette.	Ricordati che il mio numero preferito è 47.	0
temp0	2026-09-21-webcam	20260921-141231	E sai dirmi qual è il mio numero preferito?	E sai dirmi qual è il mio nomolo preferito?	1
temp0	2026-09-21-webcam	20260921-141237	Calliope, esci.	Calliope eshi.	1
temp0	2026-09-21-webcam	20260921-141247	Calliope, esci.	Calliope. Esci.	0
temp0	2026-09-21-webcam-mic-sempre-aperto	20260921-141602	Calliope.	Calliope.	0
temp0	2026-09-21-webcam-mic-sempre-aperto	20260921-141607	Qual è la capitale della Francia?	Qual è la capitale della Francia?	0
temp0	2026-09-21-webcam-mic-sempre-aperto	20260921-141614	E quella della Spagna?	E quella della Spagna?	0
temp0	2026-09-21-webcam-mic-sempre-aperto	20260921-141630	Oggi è proprio una bella giornata.	Oggi è proprio una bella giornata.	0
temp0	2026-09-21-webcam-mic-sempre-aperto	20260921-141637	Calliope, che ore sono?	Calliope, che ore sono?	0
temp0	2026-09-21-webcam-mic-sempre-aperto	20260921-141644	Puoi cambiare voce?	Vuoi cambiare voce?	1
temp0	2026-09-21-webcam-mic-sempre-aperto	20260921-141700	Calliope, quanto dista la Luna dalla Terra?	Calliope, quanto dista la luna dalla terra?	0
temp0	2026-09-21-webcam-mic-sempre-aperto	20260921-141711	Perché il cielo è azzurro?	Perché il cielo è azzurro.	0
temp0	2026-09-21-webcam-mic-sempre-aperto	20260921-141738	Calliope, dimmi tre città della Toscana.	Calliope, dimmi tra città della Toscana.	1
temp0	2026-09-21-webcam-mic-sempre-aperto	20260921-141751	Chi ha scritto I promessi sposi?	Che ha scritto i promessi sposi?	1
temp0	2026-09-21-webcam-mic-sempre-aperto	20260921-141807	Calliope, chi ha scritto I promessi sposi?	Calliope, chi ha scritto i promessi sposi?	0
temp0	2026-09-21-webcam-mic-sempre-aperto	20260921-141814	Calliope.	Calliope.	0
temp0	2026-09-21-webcam-mic-sempre-aperto	20260921-141822	Calliope.	Calliope.	0
temp0	2026-09-21-webcam-mic-sempre-aperto	20260921-141829	Calliope.	Calliope.	0
temp0	2026-09-21-webcam-mic-sempre-aperto	20260921-141844	Calliope, chi ha scritto I promessi sposi?	Calliope ti ha scritto i promessi sposi.	1
temp0	2026-09-21-webcam-mic-sempre-aperto-2	20260921-142147	Calliope.	Calliope.	0
temp0	2026-09-21-webcam-mic-sempre-aperto-2	20260921-142157	Calliope.	Calliope.	0
temp0	2026-09-21-webcam-mic-sempre-aperto-3	20260921-142714	Calliope.	Calliope.	0
temp0	2026-09-21-webcam-mic-sempre-aperto-3	20260921-142719	Qual è la capitale della Francia?	Qual è la capitale della Francia?	0
temp0	2026-09-21-webcam-mic-sempre-aperto-3	20260921-142726	E quella della Spagna?	Grazie a tutti.	4
temp0	2026-09-21-webcam-mic-sempre-aperto-3	20260921-142734	E la sua capitale?	E la sua capitale?	0
temp0	2026-09-21-webcam-mic-sempre-aperto-3	20260921-142752	Oggi è proprio una bella giornata.	Oggi è proprio una bella giornata.	0
temp0	2026-09-21-webcam-mic-sempre-aperto-3	20260921-142757	Calliope, che ore sono?	Calliope. Chiore sono.	2
temp0	2026-09-21-webcam-mic-sempre-aperto-3	20260921-142806	Che ore sono?	Che ore sono?	0
temp0	2026-09-21-webcam-mic-sempre-aperto-3	20260921-142813	Puoi cambiare voce?	Vuoi cambiare voce?	1
temp0	2026-09-21-webcam-mic-sempre-aperto-3	20260921-142831	Calliope, quanto dista la Luna dalla Terra?	Cambio per quanto dista la Luna dalla Terra.	2
temp0	2026-09-21-webcam-mic-sempre-aperto-3	20260921-142841	Calliope, quanto dista la Luna dalla Terra?	Calliope, quanto dista la luna dalla terra?	0
temp0	2026-09-21-webcam-mic-sempre-aperto-3	20260921-142851	Perché il cielo è azzurro?	Per quel ciò no è il suo.	6
temp0	2026-09-21-webcam-mic-sempre-aperto-3	20260921-142900	Perché il cielo è azzurro?	Perché il cielo è azuro.	1
temp0	2026-09-21-webcam-mic-sempre-aperto-3	20260921-142922	Calliope, dimmi tre città della Toscana.	Calliope. Dimmi tra città della Toscana.	1
temp0	2026-09-21-webcam-mic-sempre-aperto-3	20260921-142935	Chi ha scritto I promessi sposi?	Chi ha scritto i promessi sposi?	0
temp0	2026-09-21-webcam-mic-sempre-aperto-3	20260921-142958	Calliope, ieri sera ho visto un documentario sulla storia dell'Impero romano e mi sono chiesto quanto tempo ci volesse per andare da Roma a Costantinopoli a cavallo.	Ieri sera ho visto un documentario sulla storia dell'Impero Romano e mi sono chiesto quanto tempo ci volesse per andare da Roma a Costantinopoli a cavallo.	1
temp0	2026-09-21-webcam-mic-sempre-aperto-3	20260921-143018	Calliope, ieri sera ho visto un documentario sulla storia dell'Impero romano e mi sono chiesto quanto tempo ci volesse per andare da Roma a Costantinopoli a cavallo.	Ieri sier ho visto un documentario sulla storia dell'Impero Romano e mi sono chiesto quanto tempo ci volesse per andare da Roma a Costantinopoli a cavallo.	2
temp0	2026-09-21-webcam-mic-sempre-aperto-3	20260921-143032	Calliope.	Calliope.	0
temp0	2026-09-21-webcam-mic-sempre-aperto-3	20260921-143043	ieri sera ho visto un documentario sulla storia dell'Impero romano e mi sono chiesto quanto tempo ci volesse per andare da Roma a Costantinopoli a cavallo.	Ieri sera ho visto un documentario sulla storia dell'Impero Romano e mi sono chiesto quanto tempo ci volesse per andare da Roma a Costantinopoli a cavallo.	0
temp0	2026-09-21-webcam-mic-sempre-aperto-3	20260921-143058	Ricordati che il mio numero preferito è quarantasette.	Ricordati che il mio numero preferito è 47.	0
temp0	2026-09-21-webcam-mic-sempre-aperto-3	20260921-143106	Quindi, qual è il mio numero preferito?	Quindi, qual è il mio numero preferito?	0
temp0	2026-09-21-webcam-mic-sempre-aperto-3	20260921-143125	Calliope, senti, secondo te conviene prendere l'ombrello se il cielo è nuvoloso?	Calliope, senti, secondo te conviene prendere l'ombrello se il cielo è nuvoloso?	0
temp0	2026-09-21-webcam-mic-sempre-aperto-3	20260921-143135	Calliope, esci.	All'io per riuscire.	4
temp0	2026-09-21-webcam-mic-sempre-aperto-3	20260921-143147	Calliope, esci.	Cambio per pesci.	3
temp0	2026-09-21-webcam-mic-sempre-aperto-3	20260921-143156	Calliope, esci.	Calliope esci.	0
temp0	2026-09-24-v03	20260924-115341	Calliope.	Calliope.	0
temp0	2026-09-24-v03	20260924-115346	Qual è la capitale della Francia?	Qual è la capitale della Francia?	0
temp0	2026-09-24-v03	20260924-115357	E quella della Spagna?	Equale rospagna.	4
temp0	2026-09-24-v03	20260924-115409	E quella della Spagna?	E quella della Spagna?	0
temp0	2026-09-24-v03	20260924-115435	Oggi è proprio una bella giornata.	Oggi è proprio una bella giornata.	0
temp0	2026-09-24-v03	20260924-115444	Calliope, che ore sono?	Calliope, che ore sono?	0
temp0	2026-09-24-v03	20260924-115453	Puoi cambiare voce?	Puoi cambiare luce.	1
temp0	2026-09-24-v03	20260924-115503	Puoi cambiare voce?	Vuoi cambiare voce?	1
temp0	2026-09-24-v03	20260924-115525	Calliope, quanto dista la Luna dalla Terra?	Calliope, quanto è vista la Luna dalla Terra?	2
temp0	2026-09-24-v03	20260924-115537	Perché il cielo è azzurro?	Per chi è il ragazzo, però?	6
temp0	2026-09-24-v03	20260924-115545	Perché il cielo è azzurro?	Perché il cielo è azzurro?	0
temp0	2026-09-24-v03	20260924-115610	Calliope, dimmi tre città della Toscana.	Calliope, Dimitra, città della Toscana.	2
temp0	2026-09-24-v03	20260924-115625	Dimmi tre città della Toscana.	Dimmi tre città della Toscana.	0
temp0	2026-09-24-v03	20260924-115638	Chi ha scritto I promessi sposi?	Chi ha scritto i Promessi Sposi?	0
temp0	2026-09-24-v03	20260924-115709	Calliope, ieri sera ho visto un documentario sulla storia dell'Impero romano e mi sono chiesto quanto tempo ci volesse per andare da Roma a Costantinopoli a cavallo.	Calliope, ieri sera ho visto un documentario sulla storia dell'Impero Romano e mi sono chiesto quanto tempo ci volesse per andare da Roma a Costantinopoli a cavallo.	0
temp0	2026-09-24-v03	20260924-115728	Ricordati che il mio numero preferito è quarantasette.	Ricordati che il mio numero preferito è 47.	0
temp0	2026-09-24-v03	20260924-115739	Qual è il mio numero preferito?	Qual è il mio numero preferito?	0
temp0	2026-09-24-v03	20260924-115757	Calliope, senti, secondo te conviene prendere l'ombrello se il cielo è nuvoloso?	Calliope, senti, secondo te conviene prendere l'ombrello se il cielo è nuvoloso?	0
temp0	2026-09-24-v03	20260924-115821	Calliope, sai chi sono?	Calliope, sai chi sono?	0
temp0	2026-09-24-v03	20260924-115829	Che giorno è oggi?	Che giorno è oggi?	0
temp0	2026-09-24-v03	20260924-115838	Che voci hai?	Che voce hai?	1
temp0	2026-09-24-v03	20260924-115856	Calliope, usa la voce di Paola.	Calliope usa la voce di Paola.	0
temp0	2026-09-24-v03	20260924-115906	Calliope, usa la voce di Paola.	Calliope usa la voce di Paola.	0
temp0	2026-09-24-v03	20260924-115916	Calliope, usa la voce di Paola.	Calliope usa la voce di Paola.	0
temp0	2026-09-24-v03	20260924-115927	Calliope.	Calliope?	0
temp0	2026-09-24-v03	20260924-120308	Calliope, raccontami una curiosità sul mare.	Calliope, raccontami una curiosità sul mare.	0
temp0	2026-09-24-v03	20260924-120325	Torna alla voce di Serena.	Torna alla voce di Serena.	0
temp0	2026-09-24-v03	20260924-120345	Calliope, chiamami Dario Lipari.	Calliope. Chiamami Dario Lipani.	1
temp0	2026-09-24-v03	20260924-120354	Chiamami Dario.	Chiamano Dario.	1
temp0	2026-09-24-v03	20260924-120404	Calliope, esci.	Calliope, e sci.	2
temp0	2026-09-24-v03	20260924-120412	Esci.	Esci.	0
temp0	2026-09-24-v03b	20260924-122037	Calliope.	Calliope.	0
temp0	2026-09-24-v03b	20260924-122043	Qual è la capitale della Francia?	Quella capitale della Francia...	3
temp0	2026-09-24-v03b	20260924-122052	Qual è la capitale della Francia?	Qual è il capitale della Francia?	1
temp0	2026-09-24-v03b	20260924-122057	E quella della Spagna?	Ricordo la spagnale.	4
temp0	2026-09-24-v03b	20260924-122103	E quella della Spagna?	Quelle della Spagna?	2
temp0	2026-09-24-v03b	20260924-122110	Quanto dista la Luna dalla Terra?	Quanto distaura la luna della terra?	2
temp0	2026-09-24-v03b	20260924-122122	Ricordati che il mio numero preferito è quarantasette.	Ricordati che il mio numero preferito è 47.	0
temp0	2026-09-24-v03b	20260924-122130	Qual è il mio numero preferito?	O la di il numero preferito.	4
temp0	2026-09-24-v03b	20260924-122143	Sai chi sono?	Fai chi sono?	1
temp0	2026-09-24-v03b	20260924-122149	Usa la voce di Paola.	Usa la voce di Paola.	0
temp0	2026-09-24-v03b	20260924-122155	Torna alla voce di Serena.	Torna la voce di Serena.	1
temp0	2026-09-24-v03b	20260924-122202	Chiamami Dario.	Chiamami Dario.	0
temp0	2026-09-24-v03b	20260924-122208	Calliope.	Calliope.	0
temp0	2026-09-24-v03b	20260924-122213	Calliope, esci.	Addio pesci!	2
vad	2026-09-21-webcam	20260921-140843	Calliope.	Calliope.	0
vad	2026-09-21-webcam	20260921-140848	Qual è la capitale della Francia?	Con un capitolo della Francia.	4
vad	2026-09-21-webcam	20260921-140859	Qual è la capitale della Francia?	Qual è la capitale della Francia?	0
vad	2026-09-21-webcam	20260921-140908	E quella della Spagna?	E quella della Spagna?	0
vad	2026-09-21-webcam	20260921-140919	Oggi è proprio una bella giornata.	Oggi è proprio una bella giornata.	0
vad	2026-09-21-webcam	20260921-140938	Puoi cambiare voce?	E poi cambiare voce.	2
vad	2026-09-21-webcam	20260921-140954	Calliope, quanto dista la Luna dalla Terra?	Calliope, quanto dista la luna dalla terra?	0
vad	2026-09-21-webcam	20260921-141005	Perché il cielo è azzurro?	Perché il cielo è azzurro?	0
vad	2026-09-21-webcam	20260921-141022	Calliope, dimmi tre città della Toscana.	Calliope, dimmi tre città della Toscana.	0
vad	2026-09-21-webcam	20260921-141033	Chi ha scritto I promessi sposi?	Chi è spiegato il messo e sposi?	5
vad	2026-09-21-webcam	20260921-141044	Chi ha scritto I promessi sposi?	Chi ha scritto I Promessi Sposi?	0
vad	2026-09-21-webcam	20260921-141106	Calliope, ieri sera ho visto un documentario sulla storia dell'Impero romano e mi sono chiesto quanto tempo ci volesse per andare da Roma a Costantinopoli a cavallo.	Calliope, ieri sera ho visto un documentale sulla storia dell'impero romano e mi sono chiesto quanto tempo ci volesse per andare da Roma a Costantinopoli a cavallo.	1
vad	2026-09-21-webcam	20260921-141124	Ricordati che il mio numero preferito è quarantasette.	Ricordati che il mio numero preferito è 47.	0
vad	2026-09-21-webcam	20260921-141138	Ricordati che il mio numero preferito è quarantasette.	Ricordati che il mio numero preferito è 47.	0
vad	2026-09-21-webcam	20260921-141208	Ricordati che il mio numero preferito è quarantasette.	Ricordati che il mio numero preferito è 47.	0
vad	2026-09-21-webcam	20260921-141231	E sai dirmi qual è il mio numero preferito?	E sai dirmi qual è il mio nomolo preferito?	1
vad	2026-09-21-webcam	20260921-141237	Calliope, esci.	Calliope eshi.	1
vad	2026-09-21-webcam	20260921-141247	Calliope, esci.	Calliope. Esci.	0
vad	2026-09-21-webcam-mic-sempre-aperto	20260921-141602	Calliope.	Calliope.	0
vad	2026-09-21-webcam-mic-sempre-aperto	20260921-141607	Qual è la capitale della Francia?	Qual è la capitale della Francia?	0
vad	2026-09-21-webcam-mic-sempre-aperto	20260921-141614	E quella della Spagna?	E quella della Spagna?	0
vad	2026-09-21-webcam-mic-sempre-aperto	20260921-141630	Oggi è proprio una bella giornata.	Oggi è proprio una bella giornata.	0
vad	2026-09-21-webcam-mic-sempre-aperto	20260921-141637	Calliope, che ore sono?	Calliope, che ore sono?	0
vad	2026-09-21-webcam-mic-sempre-aperto	20260921-141644	Puoi cambiare voce?	Vuoi cambiare voce?	1
vad	2026-09-21-webcam-mic-sempre-aperto	20260921-141700	Calliope, quanto dista la Luna dalla Terra?	Calliope, quanto dista la luna dalla terra?	0
vad	2026-09-21-webcam-mic-sempre-aperto	20260921-141711	Perché il cielo è azzurro?	Perché il cielo è azzurro.	0
vad	2026-09-21-webcam-mic-sempre-aperto	20260921-141738	Calliope, dimmi tre città della Toscana.	Calliope, dimmi tra città della Toscana.	1
vad	2026-09-21-webcam-mic-sempre-aperto	20260921-141751	Chi ha scritto I promessi sposi?	Che ha scritto i promessi sposi?	1
vad	2026-09-21-webcam-mic-sempre-aperto	20260921-141807	Calliope, chi ha scritto I promessi sposi?	Calliope, chi ha scritto i promessi sposi?	0
vad	2026-09-21-webcam-mic-sempre-aperto	20260921-141814	Calliope.	Calliope.	0
vad	2026-09-21-webcam-mic-sempre-aperto	20260921-141822	Calliope.	Calliope.	0
vad	2026-09-21-webcam-mic-sempre-aperto	20260921-141829	Calliope.	Calliope.	0
vad	2026-09-21-webcam-mic-sempre-aperto	20260921-141844	Calliope, chi ha scritto I promessi sposi?	Calliope ti ha scritto i promessi sposi.	1
vad	2026-09-21-webcam-mic-sempre-aperto-2	20260921-142147	Calliope.	Calliope.	0
vad	2026-09-21-webcam-mic-sempre-aperto-2	20260921-142157	Calliope.	Calliope.	0
vad	2026-09-21-webcam-mic-sempre-aperto-3	20260921-142714	Calliope.	Calliope.	0
vad	2026-09-21-webcam-mic-sempre-aperto-3	20260921-142719	Qual è la capitale della Francia?	Qual è la capitale della Francia?	0
vad	2026-09-21-webcam-mic-sempre-aperto-3	20260921-142726	E quella della Spagna?	Grazie a tutti.	4
vad	2026-09-21-webcam-mic-sempre-aperto-3	20260921-142734	E la sua capitale?	E la sua capitale?	0
vad	2026-09-21-webcam-mic-sempre-aperto-3	20260921-142752	Oggi è proprio una bella giornata.	Oggi è proprio una bella giornata.	0
vad	2026-09-21-webcam-mic-sempre-aperto-3	20260921-142757	Calliope, che ore sono?	Calliope. Chiore sono.	2
vad	2026-09-21-webcam-mic-sempre-aperto-3	20260921-142806	Che ore sono?	Che ore sono?	0
vad	2026-09-21-webcam-mic-sempre-aperto-3	20260921-142813	Puoi cambiare voce?	Vuoi cambiare voce?	1
vad	2026-09-21-webcam-mic-sempre-aperto-3	20260921-142831	Calliope, quanto dista la Luna dalla Terra?	Cambio per quanto dista la Luna dalla Terra.	2
vad	2026-09-21-webcam-mic-sempre-aperto-3	20260921-142841	Calliope, quanto dista la Luna dalla Terra?	Calliope, quanto dista la luna dalla terra?	0
vad	2026-09-21-webcam-mic-sempre-aperto-3	20260921-142851	Perché il cielo è azzurro?	Per quel ciò non è insurro.	5
vad	2026-09-21-webcam-mic-sempre-aperto-3	20260921-142900	Perché il cielo è azzurro?	Perché il cielo è azuro.	1
vad	2026-09-21-webcam-mic-sempre-aperto-3	20260921-142922	Calliope, dimmi tre città della Toscana.	Calliope. Dimmi tra città della Toscana.	1
vad	2026-09-21-webcam-mic-sempre-aperto-3	20260921-142935	Chi ha scritto I promessi sposi?	Chi ha scritto i promessi sposi?	0
vad	2026-09-21-webcam-mic-sempre-aperto-3	20260921-142958	Calliope, ieri sera ho visto un documentario sulla storia dell'Impero romano e mi sono chiesto quanto tempo ci volesse per andare da Roma a Costantinopoli a cavallo.	Ieri sera ho visto un documentario sulla storia dell'Impero Romano e mi sono chiesto quanto tempo ci volesse per andare da Roma a Costantinopoli a cavallo.	1
vad	2026-09-21-webcam-mic-sempre-aperto-3	20260921-143018	Calliope, ieri sera ho visto un documentario sulla storia dell'Impero romano e mi sono chiesto quanto tempo ci volesse per andare da Roma a Costantinopoli a cavallo.	Ieri sier ho visto un documentario sulla storia dell'Impero Romano e mi sono chiesto quanto tempo ci volesse per andare da Roma a Costantinopoli a cavallo.	2
vad	2026-09-21-webcam-mic-sempre-aperto-3	20260921-143032	Calliope.	Calliope.	0
vad	2026-09-21-webcam-mic-sempre-aperto-3	20260921-143043	ieri sera ho visto un documentario sulla storia dell'Impero romano e mi sono chiesto quanto tempo ci volesse per andare da Roma a Costantinopoli a cavallo.	Ieri sera ho visto un documentario sulla storia dell'Impero Romano e mi sono chiesto quanto tempo ci volesse per andare da Roma a Costantinopoli a cavallo.	0
vad	2026-09-21-webcam-mic-sempre-aperto-3	20260921-143058	Ricordati che il mio numero preferito è quarantasette.	Ricordati che il mio numero preferito è 47.	0
vad	2026-09-21-webcam-mic-sempre-aperto-3	20260921-143106	Quindi, qual è il mio numero preferito?	Quindi, qual è il mio numero preferito?	0
vad	2026-09-21-webcam-mic-sempre-aperto-3	20260921-143125	Calliope, senti, secondo te conviene prendere l'ombrello se il cielo è nuvoloso?	Calliope, senti, secondo te conviene prendere l'ombrello se il cielo è nuvoloso?	0
vad	2026-09-21-webcam-mic-sempre-aperto-3	20260921-143135	Calliope, esci.	All'io per riuscire.	4
vad	2026-09-21-webcam-mic-sempre-aperto-3	20260921-143147	Calliope, esci.	Cambio per pesci.	3
vad	2026-09-21-webcam-mic-sempre-aperto-3	20260921-143156	Calliope, esci.	Calliope esci.	0
vad	2026-09-24-v03	20260924-115341	Calliope.	Calliope.	0
vad	2026-09-24-v03	20260924-115346	Qual è la capitale della Francia?	Qual è la capitale della Francia?	0
vad	2026-09-24-v03	20260924-115357	E quella della Spagna?	Equale lo spagnia.	4
vad	2026-09-24-v03	20260924-115409	E quella della Spagna?	E quella della Spagna?	0
vad	2026-09-24-v03	20260924-115435	Oggi è proprio una bella giornata.	Oggi è proprio una bella giornata.	0
vad	2026-09-24-v03	20260924-115444	Calliope, che ore sono?	Calliope, che ore sono?	0
vad	2026-09-24-v03	20260924-115453	Puoi cambiare voce?	Puoi cambiare luce.	1
vad	2026-09-24-v03	20260924-115503	Puoi cambiare voce?	Vuoi cambiare voce?	1
vad	2026-09-24-v03	20260924-115525	Calliope, quanto dista la Luna dalla Terra?	Calliope, quanto è vista la Luna dalla Terra?	2
vad	2026-09-24-v03	20260924-115537	Perché il cielo è azzurro?	C'è il ragazzo, però?	5
vad	2026-09-24-v03	20260924-115545	Perché il cielo è azzurro?	Perché il cielo è azzurro?	0
vad	2026-09-24-v03	20260924-115610	Calliope, dimmi tre città della Toscana.	Calliope, Dimitra, città della Toscana.	2
vad	2026-09-24-v03	20260924-115625	Dimmi tre città della Toscana.	Dimmi tre città della Toscana.	0
vad	2026-09-24-v03	20260924-115638	Chi ha scritto I promessi sposi?	Chi ha scritto i Promessi Sposi?	0
vad	2026-09-24-v03	20260924-115709	Calliope, ieri sera ho visto un documentario sulla storia dell'Impero romano e mi sono chiesto quanto tempo ci volesse per andare da Roma a Costantinopoli a cavallo.	Calliope, ieri sera ho visto un documentario sulla storia dell'Impero Romano e mi sono chiesto quanto tempo ci volesse per andare da Roma a Costantinopoli a cavallo.	0
vad	2026-09-24-v03	20260924-115728	Ricordati che il mio numero preferito è quarantasette.	Ricordati che il mio numero preferito è 47.	0
vad	2026-09-24-v03	20260924-115739	Qual è il mio numero preferito?	Qual è il mio numero preferito?	0
vad	2026-09-24-v03	20260924-115757	Calliope, senti, secondo te conviene prendere l'ombrello se il cielo è nuvoloso?	Calliope, senti, secondo te conviene prendere l'ombrello se il cielo è nuvoloso?	0
vad	2026-09-24-v03	20260924-115821	Calliope, sai chi sono?	Calliope, sai chi sono?	0
vad	2026-09-24-v03	20260924-115829	Che giorno è oggi?	Che giorno è oggi?	0
vad	2026-09-24-v03	20260924-115838	Che voci hai?	Che voce hai?	1
vad	2026-09-24-v03	20260924-115856	Calliope, usa la voce di Paola.	Calliope usa la voce di Paola.	0
vad	2026-09-24-v03	20260924-115906	Calliope, usa la voce di Paola.	Calliope usa la voce di Paola.	0
vad	2026-09-24-v03	20260924-115916	Calliope, usa la voce di Paola.	Calliope usa la voce di Paola.	0
vad	2026-09-24-v03	20260924-115927	Calliope.	Calliope?	0
vad	2026-09-24-v03	20260924-120308	Calliope, raccontami una curiosità sul mare.	Calliope, raccontami una curiosità sul mare.	0
vad	2026-09-24-v03	20260924-120325	Torna alla voce di Serena.	Torna alla voce di Serena.	0
vad	2026-09-24-v03	20260924-120345	Calliope, chiamami Dario Lipari.	Calliope. Chiamami Dario Lipani.	1
vad	2026-09-24-v03	20260924-120354	Chiamami Dario.	Chiamano Dario.	1
vad	2026-09-24-v03	20260924-120404	Calliope, esci.	Calliope, e sci.	2
vad	2026-09-24-v03	20260924-120412	Esci.	Esci.	0
vad	2026-09-24-v03b	20260924-122037	Calliope.	Calliope.	0
vad	2026-09-24-v03b	20260924-122043	Qual è la capitale della Francia?	Quella capitale della Francia...	3
vad	2026-09-24-v03b	20260924-122052	Qual è la capitale della Francia?	Qual è il capitale della Francia?	1
vad	2026-09-24-v03b	20260924-122057	E quella della Spagna?	Ricordo la spagnale.	4
vad	2026-09-24-v03b	20260924-122103	E quella della Spagna?	Quelle della Spagna?	2
vad	2026-09-24-v03b	20260924-122110	Quanto dista la Luna dalla Terra?	Quanto distaura la luna della terra?	2
vad	2026-09-24-v03b	20260924-122122	Ricordati che il mio numero preferito è quarantasette.	Ricordati che il mio numero preferito è 47.	0
vad	2026-09-24-v03b	20260924-122130	Qual è il mio numero preferito?	O la di il numero preferito.	4
vad	2026-09-24-v03b	20260924-122143	Sai chi sono?	Fai chi sono?	1
vad	2026-09-24-v03b	20260924-122149	Usa la voce di Paola.	Usa la voce di Paola.	0
vad	2026-09-24-v03b	20260924-122155	Torna alla voce di Serena.	Torna la voce di Serena.	1
vad	2026-09-24-v03b	20260924-122202	Chiamami Dario.	Chiamami Dario.	0
vad	2026-09-24-v03b	20260924-122208	Calliope.	Calliope.	0
vad	2026-09-24-v03b	20260924-122213	Calliope, esci.	Addio pesci!	2
no_timestamps	2026-09-21-webcam	20260921-140843	Calliope.	Calliope.	0
no_timestamps	2026-09-21-webcam	20260921-140848	Qual è la capitale della Francia?	Con un capitolo della Francia.	4
no_timestamps	2026-09-21-webcam	20260921-140859	Qual è la capitale della Francia?	Qual è la capitale della Francia?	0
no_timestamps	2026-09-21-webcam	20260921-140908	E quella della Spagna?	E quella della Spagna?	0
no_timestamps	2026-09-21-webcam	20260921-140919	Oggi è proprio una bella giornata.	Oggi è proprio una bella giornata.	0
no_timestamps	2026-09-21-webcam	20260921-140938	Puoi cambiare voce?	E poi cambiare voce.	2
no_timestamps	2026-09-21-webcam	20260921-140954	Calliope, quanto dista la Luna dalla Terra?	Calliope, quanto dista la luna dalla terra?	0
no_timestamps	2026-09-21-webcam	20260921-141005	Perché il cielo è azzurro?	Perché il cielo è azzurro?	0
no_timestamps	2026-09-21-webcam	20260921-141022	Calliope, dimmi tre città della Toscana.	Calliope, dimmi tre città della Toscana.	0
no_timestamps	2026-09-21-webcam	20260921-141033	Chi ha scritto I promessi sposi?	Chi è spritto il messo e spazi?	6
no_timestamps	2026-09-21-webcam	20260921-141044	Chi ha scritto I promessi sposi?	Chi ha scritto I promessi sposi?	0
no_timestamps	2026-09-21-webcam	20260921-141106	Calliope, ieri sera ho visto un documentario sulla storia dell'Impero romano e mi sono chiesto quanto tempo ci volesse per andare da Roma a Costantinopoli a cavallo.	Calliope, ieri sera ho visto un documentale sulla storia dell'impero romano e mi sono chiesto quanto tempo ci volesse per andare da Roma a Costantinopoli a cavallo.	1
no_timestamps	2026-09-21-webcam	20260921-141124	Ricordati che il mio numero preferito è quarantasette.	Ricordati che il mio numero preferito è 47.	0
no_timestamps	2026-09-21-webcam	20260921-141138	Ricordati che il mio numero preferito è quarantasette.	Ricordati che il mio numero preferito è 47.	0
no_timestamps	2026-09-21-webcam	20260921-141208	Ricordati che il mio numero preferito è quarantasette.	Ricordati che il mio numero preferito è 47.	0
no_timestamps	2026-09-21-webcam	20260921-141231	E sai dirmi qual è il mio numero preferito?	E sai dirmi qual è il mio nomolo preferito?	1
no_timestamps	2026-09-21-webcam	20260921-141237	Calliope, esci.	Calliope eshi.	1
no_timestamps	2026-09-21-webcam	20260921-141247	Calliope, esci.	Calliope. Esci.	0
no_timestamps	2026-09-21-webcam-mic-sempre-aperto	20260921-141602	Calliope.	Calliope.	0
no_timestamps	2026-09-21-webcam-mic-sempre-aperto	20260921-141607	Qual è la capitale della Francia?	Qual è la capitale della Francia?	0
no_timestamps	2026-09-21-webcam-mic-sempre-aperto	20260921-141614	E quella della Spagna?	E quella della Spagna?	0
no_timestamps	2026-09-21-webcam-mic-sempre-aperto	20260921-141630	Oggi è proprio una bella giornata.	Oggi è proprio una bella giornata.	0
no_timestamps	2026-09-21-webcam-mic-sempre-aperto	20260921-141637	Calliope, che ore sono?	Calliope, che ore sono?	0
no_timestamps	2026-09-21-webcam-mic-sempre-aperto	20260921-141644	Puoi cambiare voce?	Vuoi cambiare voce?	1
no_timestamps	2026-09-21-webcam-mic-sempre-aperto	20260921-141700	Calliope, quanto dista la Luna dalla Terra?	Calliope, quanto dista la luna dalla terra?	0
no_timestamps	2026-09-21-webcam-mic-sempre-aperto	20260921-141711	Perché il cielo è azzurro?	Perché il cielo è azzurro.	0
no_timestamps	2026-09-21-webcam-mic-sempre-aperto	20260921-141738	Calliope, dimmi tre città della Toscana.	Calliope, dimmi tra città della Toscana.	1
no_timestamps	2026-09-21-webcam-mic-sempre-aperto	20260921-141751	Chi ha scritto I promessi sposi?	Che ha scritto i promessi sposi?	1
no_timestamps	2026-09-21-webcam-mic-sempre-aperto	20260921-141807	Calliope, chi ha scritto I promessi sposi?	Calliope, chi ha scritto i promessi sposi?	0
no_timestamps	2026-09-21-webcam-mic-sempre-aperto	20260921-141814	Calliope.	Calliope.	0
no_timestamps	2026-09-21-webcam-mic-sempre-aperto	20260921-141822	Calliope.	Ciao a tutti.	3
no_timestamps	2026-09-21-webcam-mic-sempre-aperto	20260921-141829	Calliope.	Calliope.	0
no_timestamps	2026-09-21-webcam-mic-sempre-aperto	20260921-141844	Calliope, chi ha scritto I promessi sposi?	Calliope ti ha scritto i promessi sposi.	1
no_timestamps	2026-09-21-webcam-mic-sempre-aperto-2	20260921-142147	Calliope.	Calliope.	0
no_timestamps	2026-09-21-webcam-mic-sempre-aperto-2	20260921-142157	Calliope.	Andiope.	1
no_timestamps	2026-09-21-webcam-mic-sempre-aperto-3	20260921-142714	Calliope.	Calliope.	0
no_timestamps	2026-09-21-webcam-mic-sempre-aperto-3	20260921-142719	Qual è la capitale della Francia?	Qual è la capitale della Francia?	0
no_timestamps	2026-09-21-webcam-mic-sempre-aperto-3	20260921-142726	E quella della Spagna?	Grazie a tutti.	4
no_timestamps	2026-09-21-webcam-mic-sempre-aperto-3	20260921-142734	E la sua capitale?	E la sua capitale?	0
no_timestamps	2026-09-21-webcam-mic-sempre-aperto-3	20260921-142752	Oggi è proprio una bella giornata.	Oggi è proprio una bella giornata.	0
no_timestamps	2026-09-21-webcam-mic-sempre-aperto-3	20260921-142757	Calliope, che ore sono?	Calliope. Chiore sono.	2
no_timestamps	2026-09-21-webcam-mic-sempre-aperto-3	20260921-142806	Che ore sono?	Che ore sono?	0
no_timestamps	2026-09-21-webcam-mic-sempre-aperto-3	20260921-142813	Puoi cambiare voce?	Vuoi cambiare voce?	1
no_timestamps	2026-09-21-webcam-mic-sempre-aperto-3	20260921-142831	Calliope, quanto dista la Luna dalla Terra?	Cambio per quanto dista la Luna dalla Terra.	2
no_timestamps	2026-09-21-webcam-mic-sempre-aperto-3	20260921-142841	Calliope, quanto dista la Luna dalla Terra?	Calliope, quanto dista la luna dalla terra?	0
no_timestamps	2026-09-21-webcam-mic-sempre-aperto-3	20260921-142851	Perché il cielo è azzurro?	Per che il ciò no è il suo altro.	7
no_timestamps	2026-09-21-webcam-mic-sempre-aperto-3	20260921-142900	Perché il cielo è azzurro?	Perché il cielo è azurro.	1
no_timestamps	2026-09-21-webcam-mic-sempre-aperto-3	20260921-142922	Calliope, dimmi tre città della Toscana.	Cambi un bene. Dimmi tra città della Toscana.	4
no_timestamps	2026-09-21-webcam-mic-sempre-aperto-3	20260921-142935	Chi ha scritto I promessi sposi?	Chi ha scritto i promessi sposi?	0
no_timestamps	2026-09-21-webcam-mic-sempre-aperto-3	20260921-142958	Calliope, ieri sera ho visto un documentario sulla storia dell'Impero romano e mi sono chiesto quanto tempo ci volesse per andare da Roma a Costantinopoli a cavallo.	Ieri sera ho visto un documentario sulla storia dell'Impero Romano e mi sono chiesto quanto tempo ci volesse per andare da Roma a Costantinopoli a cavallo.	1
no_timestamps	2026-09-21-webcam-mic-sempre-aperto-3	20260921-143018	Calliope, ieri sera ho visto un documentario sulla storia dell'Impero romano e mi sono chiesto quanto tempo ci volesse per andare da Roma a Costantinopoli a cavallo.	Ieri sier ho visto un documentario sulla storia dell'Impero Romano e mi sono chiesto quanto tempo ci volesse per andare da Roma a Costantinopoli a cavallo.	2
no_timestamps	2026-09-21-webcam-mic-sempre-aperto-3	20260921-143032	Calliope.	Calliope.	0
no_timestamps	2026-09-21-webcam-mic-sempre-aperto-3	20260921-143043	ieri sera ho visto un documentario sulla storia dell'Impero romano e mi sono chiesto quanto tempo ci volesse per andare da Roma a Costantinopoli a cavallo.	Ieri sera ho visto un documentario sulla storia dell'Impero Romano e mi sono chiesto quanto tempo ci volesse per andare da Roma a Costantinopoli a cavallo.	0
no_timestamps	2026-09-21-webcam-mic-sempre-aperto-3	20260921-143058	Ricordati che il mio numero preferito è quarantasette.	Ricordati che il mio numero preferito è 47.	0
no_timestamps	2026-09-21-webcam-mic-sempre-aperto-3	20260921-143106	Quindi, qual è il mio numero preferito?	Quindi, qual è il mio numero preferito?	0
no_timestamps	2026-09-21-webcam-mic-sempre-aperto-3	20260921-143125	Calliope, senti, secondo te conviene prendere l'ombrello se il cielo è nuvoloso?	Calliope, senti, secondo te conviene prendere l'ombrello se il cielo è nuvoloso?	0
no_timestamps	2026-09-21-webcam-mic-sempre-aperto-3	20260921-143135	Calliope, esci.	All'io per riuscire.	4
no_timestamps	2026-09-21-webcam-mic-sempre-aperto-3	20260921-143147	Calliope, esci.	Cambio per pesci.	3
no_timestamps	2026-09-21-webcam-mic-sempre-aperto-3	20260921-143156	Calliope, esci.	Calliope esci.	0
no_timestamps	2026-09-24-v03	20260924-115341	Calliope.	Calliope.	0
no_timestamps	2026-09-24-v03	20260924-115346	Qual è la capitale della Francia?	Qual è la capitale della Francia?	0
no_timestamps	2026-09-24-v03	20260924-115357	E quella della Spagna?	Equale lo spagnac.	4
no_timestamps	2026-09-24-v03	20260924-115409	E quella della Spagna?	E quella della Spagna?	0
no_timestamps	2026-09-24-v03	20260924-115435	Oggi è proprio una bella giornata.	Oggi è proprio una bella giornata.	0
no_timestamps	2026-09-24-v03	20260924-115444	Calliope, che ore sono?	Calliope. Che ore sono?	0
no_timestamps	2026-09-24-v03	20260924-115453	Puoi cambiare voce?	Puoi cambiare luce.	1
no_timestamps	2026-09-24-v03	20260924-115503	Puoi cambiare voce?	Vuoi cambiare voce?	1
no_timestamps	2026-09-24-v03	20260924-115525	Calliope, quanto dista la Luna dalla Terra?	Calliope, quanto è vista la Luna dalla Terra?	2
no_timestamps	2026-09-24-v03	20260924-115537	Perché il cielo è azzurro?	Perché c'è da un'erzaura?	5
no_timestamps	2026-09-24-v03	20260924-115545	Perché il cielo è azzurro?	Perché il cielo è azzurro?	0
no_timestamps	2026-09-24-v03	20260924-115610	Calliope, dimmi tre città della Toscana.	Dimitra, città della Toscana.	3
no_timestamps	2026-09-24-v03	20260924-115625	Dimmi tre città della Toscana.	Dimmi tre città della Toscana.	0
no_timestamps	2026-09-24-v03	20260924-115638	Chi ha scritto I promessi sposi?	Chi ha scritto i Promessi Sposi?	0
no_timestamps	2026-09-24-v03	20260924-115709	Calliope, ieri sera ho visto un documentario sulla storia dell'Impero romano e mi sono chiesto quanto tempo ci volesse per andare da Roma a Costantinopoli a cavallo.	Calliope, ieri sera ho visto un documentario sulla storia dell'Impero Romano e mi sono chiesto quanto tempo ci volesse per andare da Roma a Costantinopoli a cavallo.	0
no_timestamps	2026-09-24-v03	20260924-115728	Ricordati che il mio numero preferito è quarantasette.	Ricordati che il mio numero preferito è 47.	0
no_timestamps	2026-09-24-v03	20260924-115739	Qual è il mio numero preferito?	Qual è il mio numero preferito?	0
no_timestamps	2026-09-24-v03	20260924-115757	Calliope, senti, secondo te conviene prendere l'ombrello se il cielo è nuvoloso?	Calliope, senti, secondo te conviene prendere l'ombrello se il cielo è nuvoloso?	0
no_timestamps	2026-09-24-v03	20260924-115821	Calliope, sai chi sono?	Calliope, sai chi sono?	0
no_timestamps	2026-09-24-v03	20260924-115829	Che giorno è oggi?	Che giorno è oggi?	0
no_timestamps	2026-09-24-v03	20260924-115838	Che voci hai?	Che voce hai?	1
no_timestamps	2026-09-24-v03	20260924-115856	Calliope, usa la voce di Paola.	Calliope usa la voce di Paola.	0
no_timestamps	2026-09-24-v03	20260924-115906	Calliope, usa la voce di Paola.	Calliope usa la voce di Paola.	0
no_timestamps	2026-09-24-v03	20260924-115916	Calliope, usa la voce di Paola.	Calliope usa la voce di Paola.	0
no_timestamps	2026-09-24-v03	20260924-115927	Calliope.	Calliope?	0
no_timestamps	2026-09-24-v03	20260924-120308	Calliope, raccontami una curiosità sul mare.	Calliope, raccontami una curiosità sul mare.	0
no_timestamps	2026-09-24-v03	20260924-120325	Torna alla voce di Serena.	Torna alla voce di Serena.	0
no_timestamps	2026-09-24-v03	20260924-120345	Calliope, chiamami Dario Lipari.	Calliope. Chiamami Dario Lipani.	1
no_timestamps	2026-09-24-v03	20260924-120354	Chiamami Dario.	Chiamano Dario.	1
no_timestamps	2026-09-24-v03	20260924-120404	Calliope, esci.	Calliope, e sci.	2
no_timestamps	2026-09-24-v03	20260924-120412	Esci.	Esci.	0
no_timestamps	2026-09-24-v03b	20260924-122037	Calliope.	Calliope.	0
no_timestamps	2026-09-24-v03b	20260924-122043	Qual è la capitale della Francia?	Quella capitale della Francia...	3
no_timestamps	2026-09-24-v03b	20260924-122052	Qual è la capitale della Francia?	Qual è il capitale della Francia?	1
no_timestamps	2026-09-24-v03b	20260924-122057	E quella della Spagna?	Ricordo la spagnale.	4
no_timestamps	2026-09-24-v03b	20260924-122103	E quella della Spagna?	E quella della Spagna?	0
no_timestamps	2026-09-24-v03b	20260924-122110	Quanto dista la Luna dalla Terra?	Quanto distaura la luna della terra?	2
no_timestamps	2026-09-24-v03b	20260924-122122	Ricordati che il mio numero preferito è quarantasette.	Ricordati che il mio numero preferito è 47.	0
no_timestamps	2026-09-24-v03b	20260924-122130	Qual è il mio numero preferito?	O la di il numero preferito.	4
no_timestamps	2026-09-24-v03b	20260924-122143	Sai chi sono?	Fai chi sono?	1
no_timestamps	2026-09-24-v03b	20260924-122149	Usa la voce di Paola.	Usa la voce di Paula.	1
no_timestamps	2026-09-24-v03b	20260924-122155	Torna alla voce di Serena.	Torna la voce di Serena.	1
no_timestamps	2026-09-24-v03b	20260924-122202	Chiamami Dario.	Chiamami Dario.	0
no_timestamps	2026-09-24-v03b	20260924-122208	Calliope.	Calliope.	0
no_timestamps	2026-09-24-v03b	20260924-122213	Calliope, esci.	Addio pesci!	2
prompt_comandi	2026-09-21-webcam	20260921-140843	Calliope.	Calliope.	0
prompt_comandi	2026-09-21-webcam	20260921-140848	Qual è la capitale della Francia?	Con un capitolo della Francia.	4
prompt_comandi	2026-09-21-webcam	20260921-140859	Qual è la capitale della Francia?	Qual è la capitale della Francia?	0
prompt_comandi	2026-09-21-webcam	20260921-140908	E quella della Spagna?	E quella della Spagna?	0
prompt_comandi	2026-09-21-webcam	20260921-140919	Oggi è proprio una bella giornata.	Oggi è proprio una bella giornata.	0
prompt_comandi	2026-09-21-webcam	20260921-140938	Puoi cambiare voce?	E poi cambiare voce.	2
prompt_comandi	2026-09-21-webcam	20260921-140954	Calliope, quanto dista la Luna dalla Terra?	Calliope, quanto dista la luna dalla terra?	0
prompt_comandi	2026-09-21-webcam	20260921-141005	Perché il cielo è azzurro?	Perché il cielo è azzurro?	0
prompt_comandi	2026-09-21-webcam	20260921-141022	Calliope, dimmi tre città della Toscana.	Calliope, dimmi tre città della Toscana.	0
prompt_comandi	2026-09-21-webcam	20260921-141033	Chi ha scritto I promessi sposi?	Che es clicca, un'assistente vocale.	6
prompt_comandi	2026-09-21-webcam	20260921-141044	Chi ha scritto I promessi sposi?	Chi ha scritto I Promessi Sposi?	0
prompt_comandi	2026-09-21-webcam	20260921-141106	Calliope, ieri sera ho visto un documentario sulla storia dell'Impero romano e mi sono chiesto quanto tempo ci volesse per andare da Roma a Costantinopoli a cavallo.	Calliope, ieri sera ho visto un documentale sulla storia dell'impero romano e mi sono chiesto quanto tempo ci volesse per andare da Roma a Costantinopoli a cavallo.	1
prompt_comandi	2026-09-21-webcam	20260921-141124	Ricordati che il mio numero preferito è quarantasette.	Ricordati che il mio numero preferito è 47.	0
prompt_comandi	2026-09-21-webcam	20260921-141138	Ricordati che il mio numero preferito è quarantasette.	Calliope, ricordati che il mio numero preferito è 47.	1
prompt_comandi	2026-09-21-webcam	20260921-141208	Ricordati che il mio numero preferito è quarantasette.	Ricordati che il mio numero preferito è 47.	0
prompt_comandi	2026-09-21-webcam	20260921-141231	E sai dirmi qual è il mio numero preferito?	E sai dirmi qual è il mio nomolo preferito?	1
prompt_comandi	2026-09-21-webcam	20260921-141237	Calliope, esci.	Calliope, esci.	0
prompt_comandi	2026-09-21-webcam	20260921-141247	Calliope, esci.	Calliope, esci.	0
prompt_comandi	2026-09-21-webcam-mic-sempre-aperto	20260921-141602	Calliope.	Calliope.	0
prompt_comandi	2026-09-21-webcam-mic-sempre-aperto	20260921-141607	Qual è la capitale della Francia?	Qual è la capitale della Francia?	0
prompt_comandi	2026-09-21-webcam-mic-sempre-aperto	20260921-141614	E quella della Spagna?	E quella della Spagna?	0
prompt_comandi	2026-09-21-webcam-mic-sempre-aperto	20260921-141630	Oggi è proprio una bella giornata.	Oggi è proprio una bella giornata.	0
prompt_comandi	2026-09-21-webcam-mic-sempre-aperto	20260921-141637	Calliope, che ore sono?	Calliope, che ore sono?	0
prompt_comandi	2026-09-21-webcam-mic-sempre-aperto	20260921-141644	Puoi cambiare voce?	Vuoi cambiare voce?	1
prompt_comandi	2026-09-21-webcam-mic-sempre-aperto	20260921-141700	Calliope, quanto dista la Luna dalla Terra?	Calliope, quanto dista la luna dalla terra?	0
prompt_comandi	2026-09-21-webcam-mic-sempre-aperto	20260921-141711	Perché il cielo è azzurro?	Perché il cielo è azzurro.	0
prompt_comandi	2026-09-21-webcam-mic-sempre-aperto	20260921-141738	Calliope, dimmi tre città della Toscana.	Calliope, dimmi tre città della Toscana.	0
prompt_comandi	2026-09-21-webcam-mic-sempre-aperto	20260921-141751	Chi ha scritto I promessi sposi?	Che ha scritto i Promessi Sposi?	1
prompt_comandi	2026-09-21-webcam-mic-sempre-aperto	20260921-141807	Calliope, chi ha scritto I promessi sposi?	Calliope, chi ha scritto i promessi sposi?	0
prompt_comandi	2026-09-21-webcam-mic-sempre-aperto	20260921-141814	Calliope.	Calliope.	0
prompt_comandi	2026-09-21-webcam-mic-sempre-aperto	20260921-141822	Calliope.	Calliope.	0
prompt_comandi	2026-09-21-webcam-mic-sempre-aperto	20260921-141829	Calliope.	Calliope.	0
prompt_comandi	2026-09-21-webcam-mic-sempre-aperto	20260921-141844	Calliope, chi ha scritto I promessi sposi?	Calliope ti ha scritto i promessi sposi.	1
prompt_comandi	2026-09-21-webcam-mic-sempre-aperto-2	20260921-142147	Calliope.	Calliope.	0
prompt_comandi	2026-09-21-webcam-mic-sempre-aperto-2	20260921-142157	Calliope.	Calliope.	0
prompt_comandi	2026-09-21-webcam-mic-sempre-aperto-3	20260921-142714	Calliope.	Calliope.	0
prompt_comandi	2026-09-21-webcam-mic-sempre-aperto-3	20260921-142719	Qual è la capitale della Francia?	Qual è la capitale della Francia?	0
prompt_comandi	2026-09-21-webcam-mic-sempre-aperto-3	20260921-142726	E quella della Spagna?	Buongiorno a Spagna.	3
prompt_comandi	2026-09-21-webcam-mic-sempre-aperto-3	20260921-142734	E la sua capitale?	E la sua capitale?	0
prompt_comandi	2026-09-21-webcam-mic-sempre-aperto-3	20260921-142752	Oggi è proprio una bella giornata.	Oggi è proprio una bella giornata.	0
prompt_comandi	2026-09-21-webcam-mic-sempre-aperto-3	20260921-142757	Calliope, che ore sono?	Calliope, chi ori sono?	2
prompt_comandi	2026-09-21-webcam-mic-sempre-aperto-3	20260921-142806	Che ore sono?	Che ore sono?	0
prompt_comandi	2026-09-21-webcam-mic-sempre-aperto-3	20260921-142813	Puoi cambiare voce?	Vuoi cambiare voce?	1
prompt_comandi	2026-09-21-webcam-mic-sempre-aperto-3	20260921-142831	Calliope, quanto dista la Luna dalla Terra?	Cambio per quanto dista la Luna dalla Terra.	2
prompt_comandi	2026-09-21-webcam-mic-sempre-aperto-3	20260921-142841	Calliope, quanto dista la Luna dalla Terra?	Calliope, quanto dista la luna dalla terra?	0
prompt_comandi	2026-09-21-webcam-mic-sempre-aperto-3	20260921-142851	Perché il cielo è azzurro?	Per quel ciò no è il suo?	6
prompt_comandi	2026-09-21-webcam-mic-sempre-aperto-3	20260921-142900	Perché il cielo è azzurro?	Perché il cielo è azurro.	1
prompt_comandi	2026-09-21-webcam-mic-sempre-aperto-3	20260921-142922	Calliope, dimmi tre città della Toscana.	Calliope, dimmi tra città della Toscana.	1
prompt_comandi	2026-09-21-webcam-mic-sempre-aperto-3	20260921-142935	Chi ha scritto I promessi sposi?	Chi ha scritto i promessi sposi?	0
prompt_comandi	2026-09-21-webcam-mic-sempre-aperto-3	20260921-142958	Calliope, ieri sera ho visto un documentario sulla storia dell'Impero romano e mi sono chiesto quanto tempo ci volesse per andare da Roma a Costantinopoli a cavallo.	Calliope, ieri sera ho visto un documentario sulla storia dell'Impero Romano e mi sono chiesto quanto tempo ci volesse per andare da Roma a Costantinopoli a cavallo.	0
prompt_comandi	2026-09-21-webcam-mic-sempre-aperto-3	20260921-143018	Calliope, ieri sera ho visto un documentario sulla storia dell'Impero romano e mi sono chiesto quanto tempo ci volesse per andare da Roma a Costantinopoli a cavallo.	Calliope, ieri sier ho visto un documentario sulla storia dell'Impero Romano e mi sono chiesto quanto tempo ci volesse per andare da Roma a Costantinopoli a cavallo.	1
prompt_comandi	2026-09-21-webcam-mic-sempre-aperto-3	20260921-143032	Calliope.	Calliope.	0
prompt_comandi	2026-09-21-webcam-mic-sempre-aperto-3	20260921-143043	ieri sera ho visto un documentario sulla storia dell'Impero romano e mi sono chiesto quanto tempo ci volesse per andare da Roma a Costantinopoli a cavallo.	Ieri sera ho visto un documentario sulla storia dell'Impero Romano e mi sono chiesto quanto tempo ci volesse per andare da Roma a Costantinopoli a cavallo.	0
prompt_comandi	2026-09-21-webcam-mic-sempre-aperto-3	20260921-143058	Ricordati che il mio numero preferito è quarantasette.	Ricordati che il mio numero preferito è 47.	0
prompt_comandi	2026-09-21-webcam-mic-sempre-aperto-3	20260921-143106	Quindi, qual è il mio numero preferito?	Quindi, qual è il mio numero preferito?	0
prompt_comandi	2026-09-21-webcam-mic-sempre-aperto-3	20260921-143125	Calliope, senti, secondo te conviene prendere l'ombrello se il cielo è nuvoloso?	Calliope, senti, secondo te conviene prendere l'ombrello se il cielo è nuvoloso?	0
prompt_comandi	2026-09-21-webcam-mic-sempre-aperto-3	20260921-143135	Calliope, esci.	Calliope, esci.	0
prompt_comandi	2026-09-21-webcam-mic-sempre-aperto-3	20260921-143147	Calliope, esci.	Cambio per pesci.	3
prompt_comandi	2026-09-21-webcam-mic-sempre-aperto-3	20260921-143156	Calliope, esci.	Calliope, esci.	0
prompt_comandi	2026-09-24-v03	20260924-115341	Calliope.	Calliope.	0
prompt_comandi	2026-09-24-v03	20260924-115346	Qual è la capitale della Francia?	Qual è la capitale della Francia?	0
prompt_comandi	2026-09-24-v03	20260924-115357	E quella della Spagna?	Equale lo spagnia.	4
prompt_comandi	2026-09-24-v03	20260924-115409	E quella della Spagna?	E quella della Spagna?	0
prompt_comandi	2026-09-24-v03	20260924-115435	Oggi è proprio una bella giornata.	Oggi è proprio una bella giornata.	0
prompt_comandi	2026-09-24-v03	20260924-115444	Calliope, che ore sono?	Calliope, che ore sono?	0
prompt_comandi	2026-09-24-v03	20260924-115453	Puoi cambiare voce?	Puoi cambiare luce.	1
prompt_comandi	2026-09-24-v03	20260924-115503	Puoi cambiare voce?	Vuoi cambiare voce?	1
prompt_comandi	2026-09-24-v03	20260924-115525	Calliope, quanto dista la Luna dalla Terra?	Calliope, quanto è vista la Luna dalla Terra?	2
prompt_comandi	2026-09-24-v03	20260924-115537	Perché il cielo è azzurro?	Per chi è il ragazzo, però?	6
prompt_comandi	2026-09-24-v03	20260924-115545	Perché il cielo è azzurro?	Perché il cielo è azzurro?	0
prompt_comandi	2026-09-24-v03	20260924-115610	Calliope, dimmi tre città della Toscana.	Calliope, Dimitra, città della Toscana.	2
prompt_comandi	2026-09-24-v03	20260924-115625	Dimmi tre città della Toscana.	Dimmi tre città della Toscana.	0
prompt_comandi	2026-09-24-v03	20260924-115638	Chi ha scritto I promessi sposi?	Chi ha scritto i Promessi Sposi?	0
prompt_comandi	2026-09-24-v03	20260924-115709	Calliope, ieri sera ho visto un documentario sulla storia dell'Impero romano e mi sono chiesto quanto tempo ci volesse per andare da Roma a Costantinopoli a cavallo.	Calliope, ieri sera ho visto un documentario sulla storia dell'Impero Romano e mi sono chiesto quanto tempo ci volesse per andare da Roma a Costantinopoli a cavallo.	0
prompt_comandi	2026-09-24-v03	20260924-115728	Ricordati che il mio numero preferito è quarantasette.	Ricordati che il mio numero preferito è 47.	0
prompt_comandi	2026-09-24-v03	20260924-115739	Qual è il mio numero preferito?	Qual è il mio numero preferito?	0
prompt_comandi	2026-09-24-v03	20260924-115757	Calliope, senti, secondo te conviene prendere l'ombrello se il cielo è nuvoloso?	Calliope, senti, secondo te conviene prendere l'ombrello se il cielo è nuvoloso?	0
prompt_comandi	2026-09-24-v03	20260924-115821	Calliope, sai chi sono?	Calliope, sai chi sono?	0
prompt_comandi	2026-09-24-v03	20260924-115829	Che giorno è oggi?	Che giorno è oggi?	0
prompt_comandi	2026-09-24-v03	20260924-115838	Che voci hai?	Che voce hai?	1
prompt_comandi	2026-09-24-v03	20260924-115856	Calliope, usa la voce di Paola.	Calliope, usa la voce di Paola.	0
prompt_comandi	2026-09-24-v03	20260924-115906	Calliope, usa la voce di Paola.	Calliope usa la voce di Paola.	0
prompt_comandi	2026-09-24-v03	20260924-115916	Calliope, usa la voce di Paola.	Calliope usa la voce di Paola.	0
prompt_comandi	2026-09-24-v03	20260924-115927	Calliope.	Calliope?	0
prompt_comandi	2026-09-24-v03	20260924-120308	Calliope, raccontami una curiosità sul mare.	Calliope, raccontami una curiosità sul mare.	0
prompt_comandi	2026-09-24-v03	20260924-120325	Torna alla voce di Serena.	Torna alla voce di Serena.	0
prompt_comandi	2026-09-24-v03	20260924-120345	Calliope, chiamami Dario Lipari.	Calliope, chiamami, darei ulipari.	2
prompt_comandi	2026-09-24-v03	20260924-120354	Chiamami Dario.	chiamami Dario.	0
prompt_comandi	2026-09-24-v03	20260924-120404	Calliope, esci.	Calliope, esci.	0
prompt_comandi	2026-09-24-v03	20260924-120412	Esci.	Esci.	0
prompt_comandi	2026-09-24-v03b	20260924-122037	Calliope.	Calliope.	0
prompt_comandi	2026-09-24-v03b	20260924-122043	Qual è la capitale della Francia?	Quella capitale della Francia...	3
prompt_comandi	2026-09-24-v03b	20260924-122052	Qual è la capitale della Francia?	Qual è il capitale della Francia?	1
prompt_comandi	2026-09-24-v03b	20260924-122057	E quella della Spagna?	Riccardo la Spagna.	3
prompt_comandi	2026-09-24-v03b	20260924-122103	E quella della Spagna?	Quelle della Spagna?	2
prompt_comandi	2026-09-24-v03b	20260924-122110	Quanto dista la Luna dalla Terra?	Quanto distaura la luna della terra?	2
prompt_comandi	2026-09-24-v03b	20260924-122122	Ricordati che il mio numero preferito è quarantasette.	Ricordati che il mio numero preferito è 47.	0
prompt_comandi	2026-09-24-v03b	20260924-122130	Qual è il mio numero preferito?	Qual è il mio numero preferito?	0
prompt_comandi	2026-09-24-v03b	20260924-122143	Sai chi sono?	Fai chi sono?	1
prompt_comandi	2026-09-24-v03b	20260924-122149	Usa la voce di Paola.	Usa la voce di Paola.	0
prompt_comandi	2026-09-24-v03b	20260924-122155	Torna alla voce di Serena.	Torna la voce di Serena.	1
prompt_comandi	2026-09-24-v03b	20260924-122202	Chiamami Dario.	Chiamami Dario.	0
prompt_comandi	2026-09-24-v03b	20260924-122208	Calliope.	Calliope.	0
prompt_comandi	2026-09-24-v03b	20260924-122213	Calliope, esci.	Addio pesci!	2
prompt_contesto	2026-09-21-webcam	20260921-140843	Calliope.	Calliope!	0
prompt_contesto	2026-09-21-webcam	20260921-140848	Qual è la capitale della Francia?	Con un capitolo della Francia.	4
prompt_contesto	2026-09-21-webcam	20260921-140859	Qual è la capitale della Francia?	Qual è la capitale della Francia?	0
prompt_contesto	2026-09-21-webcam	20260921-140908	E quella della Spagna?	E quella della Spagna?	0
prompt_contesto	2026-09-21-webcam	20260921-140919	Oggi è proprio una bella giornata.	Oggi è proprio una bella giornata.	0
prompt_contesto	2026-09-21-webcam	20260921-140938	Puoi cambiare voce?	E poi cambiare voce.	2
prompt_contesto	2026-09-21-webcam	20260921-140954	Calliope, quanto dista la Luna dalla Terra?	Calliope, quanto dista la luna dalla terra?	0
prompt_contesto	2026-09-21-webcam	20260921-141005	Perché il cielo è azzurro?	Perché il cielo è azzurro?	0
prompt_contesto	2026-09-21-webcam	20260921-141022	Calliope, dimmi tre città della Toscana.	Calliope, dimmi tre città della Toscana.	0
prompt_contesto	2026-09-21-webcam	20260921-141033	Chi ha scritto I promessi sposi?	Che esplique tipo messi spazi.	6
prompt_contesto	2026-09-21-webcam	20260921-141044	Chi ha scritto I promessi sposi?	Chi ha scritto I promessi sposi?	0
prompt_contesto	2026-09-21-webcam	20260921-141106	Calliope, ieri sera ho visto un documentario sulla storia dell'Impero romano e mi sono chiesto quanto tempo ci volesse per andare da Roma a Costantinopoli a cavallo.	Calliope, ieri sera ho visto un documentale sulla storia dell'impero romano e mi sono chiesto quanto tempo ci volesse per andare da Roma a Costantinopoli a cavallo.	1
prompt_contesto	2026-09-21-webcam	20260921-141124	Ricordati che il mio numero preferito è quarantasette.	Ricordati che il mio numero preferito è 47.	0
prompt_contesto	2026-09-21-webcam	20260921-141138	Ricordati che il mio numero preferito è quarantasette.	Calliope, ricordati che il mio numero preferito è 47.	1
prompt_contesto	2026-09-21-webcam	20260921-141208	Ricordati che il mio numero preferito è quarantasette.	Ricordati che il mio numero preferito è 47.	0
prompt_contesto	2026-09-21-webcam	20260921-141231	E sai dirmi qual è il mio numero preferito?	E sai dirmi qual è il mio nomolo preferito?	1
prompt_contesto	2026-09-21-webcam	20260921-141237	Calliope, esci.	Calliope esi.	1
prompt_contesto	2026-09-21-webcam	20260921-141247	Calliope, esci.	Calliope, esci!	0
prompt_contesto	2026-09-21-webcam-mic-sempre-aperto	20260921-141602	Calliope.	Calliope.	0
prompt_contesto	2026-09-21-webcam-mic-sempre-aperto	20260921-141607	Qual è la capitale della Francia?	Qual è la capitale della Francia?	0
prompt_contesto	2026-09-21-webcam-mic-sempre-aperto	20260921-141614	E quella della Spagna?	E quella della Spagna?	0
prompt_contesto	2026-09-21-webcam-mic-sempre-aperto	20260921-141630	Oggi è proprio una bella giornata.	Oggi è proprio una bella giornata.	0
prompt_contesto	2026-09-21-webcam-mic-sempre-aperto	20260921-141637	Calliope, che ore sono?	Calliope, che ore sono?	0
prompt_contesto	2026-09-21-webcam-mic-sempre-aperto	20260921-141644	Puoi cambiare voce?	Vuoi cambiare voce?	1
prompt_contesto	2026-09-21-webcam-mic-sempre-aperto	20260921-141700	Calliope, quanto dista la Luna dalla Terra?	Calliope, quanto dista la luna dalla terra?	0
prompt_contesto	2026-09-21-webcam-mic-sempre-aperto	20260921-141711	Perché il cielo è azzurro?	Perché il cielo è azzurro.	0
prompt_contesto	2026-09-21-webcam-mic-sempre-aperto	20260921-141738	Calliope, dimmi tre città della Toscana.	Calliope, dimmi tre città della Toscana.	0
prompt_contesto	2026-09-21-webcam-mic-sempre-aperto	20260921-141751	Chi ha scritto I promessi sposi?	Che ha scritto i promessi sposi?	1
prompt_contesto	2026-09-21-webcam-mic-sempre-aperto	20260921-141807	Calliope, chi ha scritto I promessi sposi?	Calliope, chi ha scritto i promessi sposi?	0
prompt_contesto	2026-09-21-webcam-mic-sempre-aperto	20260921-141814	Calliope.	Calliope!	0
prompt_contesto	2026-09-21-webcam-mic-sempre-aperto	20260921-141822	Calliope.	Calliope.	0
prompt_contesto	2026-09-21-webcam-mic-sempre-aperto	20260921-141829	Calliope.	Calliope.	0
prompt_contesto	2026-09-21-webcam-mic-sempre-aperto	20260921-141844	Calliope, chi ha scritto I promessi sposi?	Calliope ti ha scritto i promessi sposi.	1
prompt_contesto	2026-09-21-webcam-mic-sempre-aperto-2	20260921-142147	Calliope.	Calliope!	0
prompt_contesto	2026-09-21-webcam-mic-sempre-aperto-2	20260921-142157	Calliope.	Andiamo!	1
prompt_contesto	2026-09-21-webcam-mic-sempre-aperto-3	20260921-142714	Calliope.	Calliope.	0
prompt_contesto	2026-09-21-webcam-mic-sempre-aperto-3	20260921-142719	Qual è la capitale della Francia?	Qual è la capitale della Francia?	0
prompt_contesto	2026-09-21-webcam-mic-sempre-aperto-3	20260921-142726	E quella della Spagna?	Grazie a tutti.	4
prompt_contesto	2026-09-21-webcam-mic-sempre-aperto-3	20260921-142734	E la sua capitale?	E la sua capitale?	0
prompt_contesto	2026-09-21-webcam-mic-sempre-aperto-3	20260921-142752	Oggi è proprio una bella giornata.	Oggi è proprio una bella giornata.	0
prompt_contesto	2026-09-21-webcam-mic-sempre-aperto-3	20260921-142757	Calliope, che ore sono?	Calliope, chiore sono?	2
prompt_contesto	2026-09-21-webcam-mic-sempre-aperto-3	20260921-142806	Che ore sono?	Che ore sono?	0
prompt_contesto	2026-09-21-webcam-mic-sempre-aperto-3	20260921-142813	Puoi cambiare voce?	Vuoi cambiare voce?	1
prompt_contesto	2026-09-21-webcam-mic-sempre-aperto-3	20260921-142831	Calliope, quanto dista la Luna dalla Terra?	Cambio per quanto dista la Luna dalla Terra.	2
prompt_contesto	2026-09-21-webcam-mic-sempre-aperto-3	20260921-142841	Calliope, quanto dista la Luna dalla Terra?	Calliope, quanto dista la luna dalla terra?	0
prompt_contesto	2026-09-21-webcam-mic-sempre-aperto-3	20260921-142851	Perché il cielo è azzurro?	Per quel ciò no è il suo ruolo.	7
prompt_contesto	2026-09-21-webcam-mic-sempre-aperto-3	20260921-142900	Perché il cielo è azzurro?	Perché il cielo è azurro.	1
prompt_contesto	2026-09-21-webcam-mic-sempre-aperto-3	20260921-142922	Calliope, dimmi tre città della Toscana.	Cambio un bene. Dimmi tra città della Toscana.	4
prompt_contesto	2026-09-21-webcam-mic-sempre-aperto-3	20260921-142935	Chi ha scritto I promessi sposi?	Chi ha scritto i promessi sposi?	0
prompt_contesto	2026-09-21-webcam-mic-sempre-aperto-3	20260921-142958	Calliope, ieri sera ho visto un documentario sulla storia dell'Impero romano e mi sono chiesto quanto tempo ci volesse per andare da Roma a Costantinopoli a cavallo.	Calliope, ieri sera ho visto un documentario sulla storia dell'Impero Romano e mi sono chiesto quanto tempo ci volesse per andare da Roma a Costantinopoli a cavallo.	0
prompt_contesto	2026-09-21-webcam-mic-sempre-aperto-3	20260921-143018	Calliope, ieri sera ho visto un documentario sulla storia dell'Impero romano e mi sono chiesto quanto tempo ci volesse per andare da Roma a Costantinopoli a cavallo.	Calliope, ieri sier ho visto un documentario sulla storia dell'Impero Romano e mi sono chiesto quanto tempo ci volesse per andare da Roma a Costantinopoli a cavallo.	1
prompt_contesto	2026-09-21-webcam-mic-sempre-aperto-3	20260921-143032	Calliope.	Calliope.	0
prompt_contesto	2026-09-21-webcam-mic-sempre-aperto-3	20260921-143043	ieri sera ho visto un documentario sulla storia dell'Impero romano e mi sono chiesto quanto tempo ci volesse per andare da Roma a Costantinopoli a cavallo.	Ieri sera ho visto un documentario sulla storia dell'Impero Romano e mi sono chiesto quanto tempo ci volesse per andare da Roma a Costantinopoli a cavallo.	0
prompt_contesto	2026-09-21-webcam-mic-sempre-aperto-3	20260921-143058	Ricordati che il mio numero preferito è quarantasette.	Ricordati che il mio numero preferito è 47.	0
prompt_contesto	2026-09-21-webcam-mic-sempre-aperto-3	20260921-143106	Quindi, qual è il mio numero preferito?	Quindi, qual è il mio numero preferito?	0
prompt_contesto	2026-09-21-webcam-mic-sempre-aperto-3	20260921-143125	Calliope, senti, secondo te conviene prendere l'ombrello se il cielo è nuvoloso?	Calliope, senti, secondo te conviene prendere l'ombrello se il cielo è nuvoloso?	0
prompt_contesto	2026-09-21-webcam-mic-sempre-aperto-3	20260921-143135	Calliope, esci.	All'Iope, esci!	2
prompt_contesto	2026-09-21-webcam-mic-sempre-aperto-3	20260921-143147	Calliope, esci.	Cambio per pesci.	3
prompt_contesto	2026-09-21-webcam-mic-sempre-aperto-3	20260921-143156	Calliope, esci.	Calliope esci.	0
prompt_contesto	2026-09-24-v03	20260924-115341	Calliope.	Calliope.	0
prompt_contesto	2026-09-24-v03	20260924-115346	Qual è la capitale della Francia?	Qual è la capitale della Francia?	0
prompt_contesto	2026-09-24-v03	20260924-115357	E quella della Spagna?	Equale lo spagnac.	4
prompt_contesto	2026-09-24-v03	20260924-115409	E quella della Spagna?	E quella della Spagna?	0
prompt_contesto	2026-09-24-v03	20260924-115435	Oggi è proprio una bella giornata.	Oggi è proprio una bella giornata.	0
prompt_contesto	2026-09-24-v03	20260924-115444	Calliope, che ore sono?	Calliope, che ore sono?	0
prompt_contesto	2026-09-24-v03	20260924-115453	Puoi cambiare voce?	Puoi cambiare luce.	1
prompt_contesto	2026-09-24-v03	20260924-115503	Puoi cambiare voce?	Vuoi cambiare voce?	1
prompt_contesto	2026-09-24-v03	20260924-115525	Calliope, quanto dista la Luna dalla Terra?	Calliope, quanto è vista la Luna dalla Terra?	2
prompt_contesto	2026-09-24-v03	20260924-115537	Perché il cielo è azzurro?	Per quel che è il ragazzo, però?	6
prompt_contesto	2026-09-24-v03	20260924-115545	Perché il cielo è azzurro?	Perché il cielo è azzurro?	0
prompt_contesto	2026-09-24-v03	20260924-115610	Calliope, dimmi tre città della Toscana.	Calliope, Dimitra, città della Toscana.	2
prompt_contesto	2026-09-24-v03	20260924-115625	Dimmi tre città della Toscana.	Dimmi tre città della Toscana.	0
prompt_contesto	2026-09-24-v03	20260924-115638	Chi ha scritto I promessi sposi?	Chi ha scritto i Promessi Sposi?	0
prompt_contesto	2026-09-24-v03	20260924-115709	Calliope, ieri sera ho visto un documentario sulla storia dell'Impero romano e mi sono chiesto quanto tempo ci volesse per andare da Roma a Costantinopoli a cavallo.	Calliope, ieri sera ho visto un documentario sulla storia dell'Impero Romano e mi sono chiesto quanto tempo ci volesse per andare da Roma a Costantinopoli a cavallo.	0
prompt_contesto	2026-09-24-v03	20260924-115728	Ricordati che il mio numero preferito è quarantasette.	Ricordati che il mio numero preferito è 47.	0
prompt_contesto	2026-09-24-v03	20260924-115739	Qual è il mio numero preferito?	Qual è il mio numero preferito?	0
prompt_contesto	2026-09-24-v03	20260924-115757	Calliope, senti, secondo te conviene prendere l'ombrello se il cielo è nuvoloso?	Calliope, senti, secondo te conviene prendere l'ombrello se il cielo è nuvoloso?	0
prompt_contesto	2026-09-24-v03	20260924-115821	Calliope, sai chi sono?	Calliope, sai chi sono?	0
prompt_contesto	2026-09-24-v03	20260924-115829	Che giorno è oggi?	Che giorno è oggi?	0
prompt_contesto	2026-09-24-v03	20260924-115838	Che voci hai?	Che voce hai?	1
prompt_contesto	2026-09-24-v03	20260924-115856	Calliope, usa la voce di Paola.	Calliope, usa la voce di Paola.	0
prompt_contesto	2026-09-24-v03	20260924-115906	Calliope, usa la voce di Paola.	Calliope usa la voce di Paola.	0
prompt_contesto	2026-09-24-v03	20260924-115916	Calliope, usa la voce di Paola.	Calliope usa la voce di Paola.	0
prompt_contesto	2026-09-24-v03	20260924-115927	Calliope.	Calliope?	0
prompt_contesto	2026-09-24-v03	20260924-120308	Calliope, raccontami una curiosità sul mare.	Calliope, raccontami una curiosità sul mare.	0
prompt_contesto	2026-09-24-v03	20260924-120325	Torna alla voce di Serena.	Torna alla voce di Serena.	0
prompt_contesto	2026-09-24-v03	20260924-120345	Calliope, chiamami Dario Lipari.	Calliope, chiamami darei ulipari.	2
prompt_contesto	2026-09-24-v03	20260924-120354	Chiamami Dario.	Chiamano Dario.	1
prompt_contesto	2026-09-24-v03	20260924-120404	Calliope, esci.	Calliope, esci.	0
prompt_contesto	2026-09-24-v03	20260924-120412	Esci.	Esci!	0
prompt_contesto	2026-09-24-v03b	20260924-122037	Calliope.	Calliope	0
prompt_contesto	2026-09-24-v03b	20260924-122043	Qual è la capitale della Francia?	Quella capitale della Francia...	3
prompt_contesto	2026-09-24-v03b	20260924-122052	Qual è la capitale della Francia?	Qual è il capitale della Francia?	1
prompt_contesto	2026-09-24-v03b	20260924-122057	E quella della Spagna?	Ricorda la spagna.	3
prompt_contesto	2026-09-24-v03b	20260924-122103	E quella della Spagna?	E quella della Spagna?	0
prompt_contesto	2026-09-24-v03b	20260924-122110	Quanto dista la Luna dalla Terra?	Quanto distaura la luna della terra?	2
prompt_contesto	2026-09-24-v03b	20260924-122122	Ricordati che il mio numero preferito è quarantasette.	Ricordati che il mio numero preferito è 47.	0
prompt_contesto	2026-09-24-v03b	20260924-122130	Qual è il mio numero preferito?	O' la di il numero preferito.	4
prompt_contesto	2026-09-24-v03b	20260924-122143	Sai chi sono?	Fai chi sono?	1
prompt_contesto	2026-09-24-v03b	20260924-122149	Usa la voce di Paola.	Usa la voce di Paola.	0
prompt_contesto	2026-09-24-v03b	20260924-122155	Torna alla voce di Serena.	Torna la voce di Serena.	1
prompt_contesto	2026-09-24-v03b	20260924-122202	Chiamami Dario.	Chiamami Dario.	0
prompt_contesto	2026-09-24-v03b	20260924-122208	Calliope.	Calliope.	0
prompt_contesto	2026-09-24-v03b	20260924-122213	Calliope, esci.	Addio pesci!	2
beam5_prompt	2026-09-21-webcam	20260921-140843	Calliope.	Calliope.	0
beam5_prompt	2026-09-21-webcam	20260921-140848	Qual è la capitale della Francia?	Con un capitolo della Francia.	4
beam5_prompt	2026-09-21-webcam	20260921-140859	Qual è la capitale della Francia?	Qual è la capitale della Francia?	0
beam5_prompt	2026-09-21-webcam	20260921-140908	E quella della Spagna?	E quella della Spagna?	0
beam5_prompt	2026-09-21-webcam	20260921-140919	Oggi è proprio una bella giornata.	Oggi è proprio una bella giornata.	0
beam5_prompt	2026-09-21-webcam	20260921-140938	Puoi cambiare voce?	E poi cambiare voce.	2
beam5_prompt	2026-09-21-webcam	20260921-140954	Calliope, quanto dista la Luna dalla Terra?	Calliope, quanto dista la luna dalla terra?	0
beam5_prompt	2026-09-21-webcam	20260921-141005	Perché il cielo è azzurro?	Perché il cielo è azzurro?	0
beam5_prompt	2026-09-21-webcam	20260921-141022	Calliope, dimmi tre città della Toscana.	Calliope, dimmi tre città della Toscana.	0
beam5_prompt	2026-09-21-webcam	20260921-141033	Chi ha scritto I promessi sposi?	C'è scritto un'assistente vocale.	5
beam5_prompt	2026-09-21-webcam	20260921-141044	Chi ha scritto I promessi sposi?	Chi ha scritto I Promessi Sposi?	0
beam5_prompt	2026-09-21-webcam	20260921-141106	Calliope, ieri sera ho visto un documentario sulla storia dell'Impero romano e mi sono chiesto quanto tempo ci volesse per andare da Roma a Costantinopoli a cavallo.	Calliope, ieri sera ho visto un documentale sulla storia dell'impero romano e mi sono chiesto quanto tempo ci volesse per andare da Roma a Costantinopoli a cavallo.	1
beam5_prompt	2026-09-21-webcam	20260921-141124	Ricordati che il mio numero preferito è quarantasette.	Ricordati che il mio numero preferito è 47.	0
beam5_prompt	2026-09-21-webcam	20260921-141138	Ricordati che il mio numero preferito è quarantasette.	Calliope, ricordati che il mio numero preferito è 47.	1
beam5_prompt	2026-09-21-webcam	20260921-141208	Ricordati che il mio numero preferito è quarantasette.	Ricordati che il mio numero preferito è 47.	0
beam5_prompt	2026-09-21-webcam	20260921-141231	E sai dirmi qual è il mio numero preferito?	E sai dirmi qual è il mio nomolo preferito?	1
beam5_prompt	2026-09-21-webcam	20260921-141237	Calliope, esci.	Calliope, esci.	0
beam5_prompt	2026-09-21-webcam	20260921-141247	Calliope, esci.	Calliope, esci!	0
beam5_prompt	2026-09-21-webcam-mic-sempre-aperto	20260921-141602	Calliope.	Calliope.	0
beam5_prompt	2026-09-21-webcam-mic-sempre-aperto	20260921-141607	Qual è la capitale della Francia?	Qual è la capitale della Francia?	0
beam5_prompt	2026-09-21-webcam-mic-sempre-aperto	20260921-141614	E quella della Spagna?	E quella della Spagna?	0
beam5_prompt	2026-09-21-webcam-mic-sempre-aperto	20260921-141630	Oggi è proprio una bella giornata.	Oggi è proprio una bella giornata.	0
beam5_prompt	2026-09-21-webcam-mic-sempre-aperto	20260921-141637	Calliope, che ore sono?	Calliope, che ore sono?	0
beam5_prompt	2026-09-21-webcam-mic-sempre-aperto	20260921-141644	Puoi cambiare voce?	Vuoi cambiare voce?	1
beam5_prompt	2026-09-21-webcam-mic-sempre-aperto	20260921-141700	Calliope, quanto dista la Luna dalla Terra?	Calliope, quanto dista la luna dalla terra?	0
beam5_prompt	2026-09-21-webcam-mic-sempre-aperto	20260921-141711	Perché il cielo è azzurro?	Perchè il cielo è azzurro.	1
beam5_prompt	2026-09-21-webcam-mic-sempre-aperto	20260921-141738	Calliope, dimmi tre città della Toscana.	Calliope, dimmi tre città della Toscana.	0
beam5_prompt	2026-09-21-webcam-mic-sempre-aperto	20260921-141751	Chi ha scritto I promessi sposi?	Che ha scritto i Promessi Sposi?	1
beam5_prompt	2026-09-21-webcam-mic-sempre-aperto	20260921-141807	Calliope, chi ha scritto I promessi sposi?	Calliope, chi ha scritto i promessi sposi?	0
beam5_prompt	2026-09-21-webcam-mic-sempre-aperto	20260921-141814	Calliope.	Calliope!	0
beam5_prompt	2026-09-21-webcam-mic-sempre-aperto	20260921-141822	Calliope.	Calliope.	0
beam5_prompt	2026-09-21-webcam-mic-sempre-aperto	20260921-141829	Calliope.	Calliope.	0
beam5_prompt	2026-09-21-webcam-mic-sempre-aperto	20260921-141844	Calliope, chi ha scritto I promessi sposi?	Calliope ti ha scritto i promessi sposi.	1
beam5_prompt	2026-09-21-webcam-mic-sempre-aperto-2	20260921-142147	Calliope.	Calliope.	0
beam5_prompt	2026-09-21-webcam-mic-sempre-aperto-2	20260921-142157	Calliope.	Calliope.	0
beam5_prompt	2026-09-21-webcam-mic-sempre-aperto-3	20260921-142714	Calliope.	Calliope.	0
beam5_prompt	2026-09-21-webcam-mic-sempre-aperto-3	20260921-142719	Qual è la capitale della Francia?	Qual è la capitale della Francia?	0
beam5_prompt	2026-09-21-webcam-mic-sempre-aperto-3	20260921-142726	E quella della Spagna?	Cura della Spagna.	2
beam5_prompt	2026-09-21-webcam-mic-sempre-aperto-3	20260921-142734	E la sua capitale?	E la sua capitale?	0
beam5_prompt	2026-09-21-webcam-mic-sempre-aperto-3	20260921-142752	Oggi è proprio una bella giornata.	Oggi è proprio una bella giornata.	0
beam5_prompt	2026-09-21-webcam-mic-sempre-aperto-3	20260921-142757	Calliope, che ore sono?	Calliope, che ore sono?	0
beam5_prompt	2026-09-21-webcam-mic-sempre-aperto-3	20260921-142806	Che ore sono?	Che ore sono?	0
beam5_prompt	2026-09-21-webcam-mic-sempre-aperto-3	20260921-142813	Puoi cambiare voce?	Vuoi cambiare voce?	1
beam5_prompt	2026-09-21-webcam-mic-sempre-aperto-3	20260921-142831	Calliope, quanto dista la Luna dalla Terra?	Cambio per Quanto dista la Luna dalla Terra?	2
beam5_prompt	2026-09-21-webcam-mic-sempre-aperto-3	20260921-142841	Calliope, quanto dista la Luna dalla Terra?	Calliope, quanto dista la luna dalla terra?	0
beam5_prompt	2026-09-21-webcam-mic-sempre-aperto-3	20260921-142851	Perché il cielo è azzurro?	Per quel ciò non è il suo?	6
beam5_prompt	2026-09-21-webcam-mic-sempre-aperto-3	20260921-142900	Perché il cielo è azzurro?	Perché il cielo è azzurro.	0
beam5_prompt	2026-09-21-webcam-mic-sempre-aperto-3	20260921-142922	Calliope, dimmi tre città della Toscana.	Calliope, dimmi tra città della Toscana.	1
beam5_prompt	2026-09-21-webcam-mic-sempre-aperto-3	20260921-142935	Chi ha scritto I promessi sposi?	Chi ha scritto i promessi sposi?	0
beam5_prompt	2026-09-21-webcam-mic-sempre-aperto-3	20260921-142958	Calliope, ieri sera ho visto un documentario sulla storia dell'Impero romano e mi sono chiesto quanto tempo ci volesse per andare da Roma a Costantinopoli a cavallo.	Calliope, ieri sera ho visto un documentario sulla storia dell'impero romano e mi sono chiesto quanto tempo ci volesse per andare da Roma a Costantinopoli a cavallo.	0
beam5_prompt	2026-09-21-webcam-mic-sempre-aperto-3	20260921-143018	Calliope, ieri sera ho visto un documentario sulla storia dell'Impero romano e mi sono chiesto quanto tempo ci volesse per andare da Roma a Costantinopoli a cavallo.	Calliope, ieri sier ho visto un documentario sulla storia dell'Impero Romano e mi sono chiesto quanto tempo ci volesse per andare da Roma a Costantinopoli a cavallo.	1
beam5_prompt	2026-09-21-webcam-mic-sempre-aperto-3	20260921-143032	Calliope.	Calliope.	0
beam5_prompt	2026-09-21-webcam-mic-sempre-aperto-3	20260921-143043	ieri sera ho visto un documentario sulla storia dell'Impero romano e mi sono chiesto quanto tempo ci volesse per andare da Roma a Costantinopoli a cavallo.	Ieri sera ho visto un documentario sulla storia dell'Impero Romano e mi sono chiesto quanto tempo ci volesse per andare da Roma a Costantinopoli a cavallo.	0
beam5_prompt	2026-09-21-webcam-mic-sempre-aperto-3	20260921-143058	Ricordati che il mio numero preferito è quarantasette.	Ricordati che il mio numero preferito è 47.	0
beam5_prompt	2026-09-21-webcam-mic-sempre-aperto-3	20260921-143106	Quindi, qual è il mio numero preferito?	Quindi, qual'è il mio numero preferito?	0
beam5_prompt	2026-09-21-webcam-mic-sempre-aperto-3	20260921-143125	Calliope, senti, secondo te conviene prendere l'ombrello se il cielo è nuvoloso?	Calliope, senti, secondo te conviene prendere l'ombrello se il cielo è nuvoloso?	0
beam5_prompt	2026-09-21-webcam-mic-sempre-aperto-3	20260921-143135	Calliope, esci.	Calliope, esci.	0
beam5_prompt	2026-09-21-webcam-mic-sempre-aperto-3	20260921-143147	Calliope, esci.	Cambio per pesci.	3
beam5_prompt	2026-09-21-webcam-mic-sempre-aperto-3	20260921-143156	Calliope, esci.	Calliope, esci.	0
beam5_prompt	2026-09-24-v03	20260924-115341	Calliope.	Calliope.	0
beam5_prompt	2026-09-24-v03	20260924-115346	Qual è la capitale della Francia?	Qual è la capitale della Francia?	0
beam5_prompt	2026-09-24-v03	20260924-115357	E quella della Spagna?	E quello è lo spagnolo.	4
beam5_prompt	2026-09-24-v03	20260924-115409	E quella della Spagna?	E quella della Spagna?	0
beam5_prompt	2026-09-24-v03	20260924-115435	Oggi è proprio una bella giornata.	Oggi è proprio una bella giornata.	0
beam5_prompt	2026-09-24-v03	20260924-115444	Calliope, che ore sono?	Calliope, che ore sono?	0
beam5_prompt	2026-09-24-v03	20260924-115453	Puoi cambiare voce?	Puoi cambiare la luce.	2
beam5_prompt	2026-09-24-v03	20260924-115503	Puoi cambiare voce?	Puoi cambiare voce?	0
beam5_prompt	2026-09-24-v03	20260924-115525	Calliope, quanto dista la Luna dalla Terra?	Calliope, quanto è vista la Luna dalla Terra?	2
beam5_prompt	2026-09-24-v03	20260924-115537	Perché il cielo è azzurro?	C'è il ragazzo, però?	5
beam5_prompt	2026-09-24-v03	20260924-115545	Perché il cielo è azzurro?	Perché il cielo è azzurro?	0
beam5_prompt	2026-09-24-v03	20260924-115610	Calliope, dimmi tre città della Toscana.	Calliope, Dimitra, città della Toscana.	2
beam5_prompt	2026-09-24-v03	20260924-115625	Dimmi tre città della Toscana.	Dimmi tre città della Toscana.	0
beam5_prompt	2026-09-24-v03	20260924-115638	Chi ha scritto I promessi sposi?	Chi ha scritto i Promessi Sposi?	0
beam5_prompt	2026-09-24-v03	20260924-115709	Calliope, ieri sera ho visto un documentario sulla storia dell'Impero romano e mi sono chiesto quanto tempo ci volesse per andare da Roma a Costantinopoli a cavallo.	Calliope, ieri sera ho visto un documentario sulla storia dell'Impero Romano e mi sono chiesto quanto tempo ci volesse per andare da Roma a Costantinopoli a cavallo.	0
beam5_prompt	2026-09-24-v03	20260924-115728	Ricordati che il mio numero preferito è quarantasette.	Ricordati che il mio numero preferito è 47.	0
beam5_prompt	2026-09-24-v03	20260924-115739	Qual è il mio numero preferito?	Qual è il mio numero preferito?	0
beam5_prompt	2026-09-24-v03	20260924-115757	Calliope, senti, secondo te conviene prendere l'ombrello se il cielo è nuvoloso?	Calliope, senti, secondo te conviene prendere l'ombrello se il cielo è nuvoloso?	0
beam5_prompt	2026-09-24-v03	20260924-115821	Calliope, sai chi sono?	Calliope, sai chi sono?	0
beam5_prompt	2026-09-24-v03	20260924-115829	Che giorno è oggi?	Che giorno è oggi?	0
beam5_prompt	2026-09-24-v03	20260924-115838	Che voci hai?	Che voce hai?	1
beam5_prompt	2026-09-24-v03	20260924-115856	Calliope, usa la voce di Paola.	Calliope, usa la voce di Paola.	0
beam5_prompt	2026-09-24-v03	20260924-115906	Calliope, usa la voce di Paola.	Calliope, usa la voce di Paola.	0
beam5_prompt	2026-09-24-v03	20260924-115916	Calliope, usa la voce di Paola.	Calliope usa la voce di Paola.	0
beam5_prompt	2026-09-24-v03	20260924-115927	Calliope.	Calliope?	0
beam5_prompt	2026-09-24-v03	20260924-120308	Calliope, raccontami una curiosità sul mare.	Calliope, raccontami una curiosità sul mare.	0
beam5_prompt	2026-09-24-v03	20260924-120325	Torna alla voce di Serena.	Torna alla voce di Serena.	0
beam5_prompt	2026-09-24-v03	20260924-120345	Calliope, chiamami Dario Lipari.	Calliope, chiamami, darei ulipari.	2
beam5_prompt	2026-09-24-v03	20260924-120354	Chiamami Dario.	chiamano Dario	1
beam5_prompt	2026-09-24-v03	20260924-120404	Calliope, esci.	Calliope, esci.	0
beam5_prompt	2026-09-24-v03	20260924-120412	Esci.	Comandi, esci.	1
beam5_prompt	2026-09-24-v03b	20260924-122037	Calliope.	Calliope	0
beam5_prompt	2026-09-24-v03b	20260924-122043	Qual è la capitale della Francia?	Qual è la capitale della Francia?	0
beam5_prompt	2026-09-24-v03b	20260924-122052	Qual è la capitale della Francia?	Qual è la capitale della Francia?	0
beam5_prompt	2026-09-24-v03b	20260924-122057	E quella della Spagna?	Per quella donna spagnale.	3
beam5_prompt	2026-09-24-v03b	20260924-122103	E quella della Spagna?	Quelle della Spagna?	2
beam5_prompt	2026-09-24-v03b	20260924-122110	Quanto dista la Luna dalla Terra?	Quanto distaura la luna della terra?	2
beam5_prompt	2026-09-24-v03b	20260924-122122	Ricordati che il mio numero preferito è quarantasette.	Ricordati che il mio numero preferito è 47.	0
beam5_prompt	2026-09-24-v03b	20260924-122130	Qual è il mio numero preferito?	Calliope, è il numero preferito.	2
beam5_prompt	2026-09-24-v03b	20260924-122143	Sai chi sono?	Fai chi sono?	1
beam5_prompt	2026-09-24-v03b	20260924-122149	Usa la voce di Paola.	Usa la voce di Paola.	0
beam5_prompt	2026-09-24-v03b	20260924-122155	Torna alla voce di Serena.	Torna la voce di Serena.	1
beam5_prompt	2026-09-24-v03b	20260924-122202	Chiamami Dario.	Chiamami Dario.	0
beam5_prompt	2026-09-24-v03b	20260924-122208	Calliope.	Calliope.	0
beam5_prompt	2026-09-24-v03b	20260924-122213	Calliope, esci.	Calliope, esci!	0
beam5_hotwords	2026-09-21-webcam	20260921-140843	Calliope.	Calliope.	0
beam5_hotwords	2026-09-21-webcam	20260921-140848	Qual è la capitale della Francia?	Con un capitolo della Francia.	4
beam5_hotwords	2026-09-21-webcam	20260921-140859	Qual è la capitale della Francia?	Qual è la capitale della Francia?	0
beam5_hotwords	2026-09-21-webcam	20260921-140908	E quella della Spagna?	E quella della Spagna?	0
beam5_hotwords	2026-09-21-webcam	20260921-140919	Oggi è proprio una bella giornata.	Oggi è proprio una bella giornata.	0
beam5_hotwords	2026-09-21-webcam	20260921-140938	Puoi cambiare voce?	e poi cambiare voce	2
beam5_hotwords	2026-09-21-webcam	20260921-140954	Calliope, quanto dista la Luna dalla Terra?	Calliope, quanto dista la luna dalla terra?	0
beam5_hotwords	2026-09-21-webcam	20260921-141005	Perché il cielo è azzurro?	Perché il cielo è azzurro?	0
beam5_hotwords	2026-09-21-webcam	20260921-141022	Calliope, dimmi tre città della Toscana.	Calliope, dimmi tre città della Toscana.	0
beam5_hotwords	2026-09-21-webcam	20260921-141033	Chi ha scritto I promessi sposi?	C'è scritto il tuo messaggio quasi.	6
beam5_hotwords	2026-09-21-webcam	20260921-141044	Chi ha scritto I promessi sposi?	Chi ha scritto I Promessi Sposi?	0
beam5_hotwords	2026-09-21-webcam	20260921-141106	Calliope, ieri sera ho visto un documentario sulla storia dell'Impero romano e mi sono chiesto quanto tempo ci volesse per andare da Roma a Costantinopoli a cavallo.	Calliope, ieri sera ho visto un documentale sulla storia dell'impero romano e mi sono chiesto quanto tempo ci volesse per andare da Roma a Costantinopoli a cavallo.	1
beam5_hotwords	2026-09-21-webcam	20260921-141124	Ricordati che il mio numero preferito è quarantasette.	Ricordati che il mio numero preferito è 47.	0
beam5_hotwords	2026-09-21-webcam	20260921-141138	Ricordati che il mio numero preferito è quarantasette.	Ricordati che il mio numero preferito è 47.	0
beam5_hotwords	2026-09-21-webcam	20260921-141208	Ricordati che il mio numero preferito è quarantasette.	Ricordati che il mio numero preferito è 47.	0
beam5_hotwords	2026-09-21-webcam	20260921-141231	E sai dirmi qual è il mio numero preferito?	E sai dirmi qual è il mio nomolo preferito?	1
beam5_hotwords	2026-09-21-webcam	20260921-141237	Calliope, esci.	Calliope Eshi.	1
beam5_hotwords	2026-09-21-webcam	20260921-141247	Calliope, esci.	Calliope Esci!	0
beam5_hotwords	2026-09-21-webcam-mic-sempre-aperto	20260921-141602	Calliope.	Calliope.	0
beam5_hotwords	2026-09-21-webcam-mic-sempre-aperto	20260921-141607	Qual è la capitale della Francia?	Qual è la capitale della Francia?	0
beam5_hotwords	2026-09-21-webcam-mic-sempre-aperto	20260921-141614	E quella della Spagna?	E quella della Spagna?	0
beam5_hotwords	2026-09-21-webcam-mic-sempre-aperto	20260921-141630	Oggi è proprio una bella giornata.	Oggi è proprio una bella giornata.	0
beam5_hotwords	2026-09-21-webcam-mic-sempre-aperto	20260921-141637	Calliope, che ore sono?	Calliope, che ore sono?	0
beam5_hotwords	2026-09-21-webcam-mic-sempre-aperto	20260921-141644	Puoi cambiare voce?	Vuoi cambiare voce?	1
beam5_hotwords	2026-09-21-webcam-mic-sempre-aperto	20260921-141700	Calliope, quanto dista la Luna dalla Terra?	Calliope, quanto dista la luna dalla terra?	0
beam5_hotwords	2026-09-21-webcam-mic-sempre-aperto	20260921-141711	Perché il cielo è azzurro?	Perché il cielo è azzurro.	0
beam5_hotwords	2026-09-21-webcam-mic-sempre-aperto	20260921-141738	Calliope, dimmi tre città della Toscana.	Calliope, dimmi tra città della Toscana.	1
beam5_hotwords	2026-09-21-webcam-mic-sempre-aperto	20260921-141751	Chi ha scritto I promessi sposi?	Che ha scritto i Promessi Sposi?	1
beam5_hotwords	2026-09-21-webcam-mic-sempre-aperto	20260921-141807	Calliope, chi ha scritto I promessi sposi?	Calliope, chi ha scritto i promessi sposi?	0
beam5_hotwords	2026-09-21-webcam-mic-sempre-aperto	20260921-141814	Calliope.	Calliope.	0
beam5_hotwords	2026-09-21-webcam-mic-sempre-aperto	20260921-141822	Calliope.	Calliope.	0
beam5_hotwords	2026-09-21-webcam-mic-sempre-aperto	20260921-141829	Calliope.	Calliope	0
beam5_hotwords	2026-09-21-webcam-mic-sempre-aperto	20260921-141844	Calliope, chi ha scritto I promessi sposi?	Calliope ti ha scritto i promessi sposi.	1
beam5_hotwords	2026-09-21-webcam-mic-sempre-aperto-2	20260921-142147	Calliope.	Calliope.	0
beam5_hotwords	2026-09-21-webcam-mic-sempre-aperto-2	20260921-142157	Calliope.	Calliope.	0
beam5_hotwords	2026-09-21-webcam-mic-sempre-aperto-3	20260921-142714	Calliope.	Calliope.	0
beam5_hotwords	2026-09-21-webcam-mic-sempre-aperto-3	20260921-142719	Qual è la capitale della Francia?	Qual è la capitale della Francia?	0
beam5_hotwords	2026-09-21-webcam-mic-sempre-aperto-3	20260921-142726	E quella della Spagna?	Il cura della Spagna.	2
beam5_hotwords	2026-09-21-webcam-mic-sempre-aperto-3	20260921-142734	E la sua capitale?	E la sua capitale?	0
beam5_hotwords	2026-09-21-webcam-mic-sempre-aperto-3	20260921-142752	Oggi è proprio una bella giornata.	Oggi è proprio una bella giornata.	0
beam5_hotwords	2026-09-21-webcam-mic-sempre-aperto-3	20260921-142757	Calliope, che ore sono?	Calliope. Chiori sono.	2
beam5_hotwords	2026-09-21-webcam-mic-sempre-aperto-3	20260921-142806	Che ore sono?	Che ore sono?	0
beam5_hotwords	2026-09-21-webcam-mic-sempre-aperto-3	20260921-142813	Puoi cambiare voce?	Vuoi cambiare voce?	1
beam5_hotwords	2026-09-21-webcam-mic-sempre-aperto-3	20260921-142831	Calliope, quanto dista la Luna dalla Terra?	Cambio per Quanto dista la Luna dalla Terra?	2
beam5_hotwords	2026-09-21-webcam-mic-sempre-aperto-3	20260921-142841	Calliope, quanto dista la Luna dalla Terra?	Calliope, quanto dista la luna dalla terra?	0
beam5_hotwords	2026-09-21-webcam-mic-sempre-aperto-3	20260921-142851	Perché il cielo è azzurro?	Perchè il ciò no è insurro.	4
beam5_hotwords	2026-09-21-webcam-mic-sempre-aperto-3	20260921-142900	Perché il cielo è azzurro?	Perché il cielo è azzurro.	0
beam5_hotwords	2026-09-21-webcam-mic-sempre-aperto-3	20260921-142922	Calliope, dimmi tre città della Toscana.	Calliope, dimmi tra città della Toscana.	1
beam5_hotwords	2026-09-21-webcam-mic-sempre-aperto-3	20260921-142935	Chi ha scritto I promessi sposi?	Chi ha scritto i promessi sposi?	0
beam5_hotwords	2026-09-21-webcam-mic-sempre-aperto-3	20260921-142958	Calliope, ieri sera ho visto un documentario sulla storia dell'Impero romano e mi sono chiesto quanto tempo ci volesse per andare da Roma a Costantinopoli a cavallo.	Ieri sera ho visto un documentario sulla storia dell'Impero Romano e mi sono chiesto quanto tempo ci volesse per andare da Roma a Costantinopoli a cavallo.	1
beam5_hotwords	2026-09-21-webcam-mic-sempre-aperto-3	20260921-143018	Calliope, ieri sera ho visto un documentario sulla storia dell'Impero romano e mi sono chiesto quanto tempo ci volesse per andare da Roma a Costantinopoli a cavallo.	Ieri si ero visto un documentario sulla storia dell'impero romano e mi sono chiesto quanto tempo ci volesse per andare da Roma a Costantinopoli a cavallo.	3
beam5_hotwords	2026-09-21-webcam-mic-sempre-aperto-3	20260921-143032	Calliope.	Calliope.	0
beam5_hotwords	2026-09-21-webcam-mic-sempre-aperto-3	20260921-143043	ieri sera ho visto un documentario sulla storia dell'Impero romano e mi sono chiesto quanto tempo ci volesse per andare da Roma a Costantinopoli a cavallo.	Ieri sera ho visto un documentario sulla storia dell'impero romano e mi sono chiesto quanto tempo ci volesse per andare da Roma a Costantinopoli a cavallo.	0
beam5_hotwords	2026-09-21-webcam-mic-sempre-aperto-3	20260921-143058	Ricordati che il mio numero preferito è quarantasette.	Ricordati che il mio numero preferito è 47.	0
beam5_hotwords	2026-09-21-webcam-mic-sempre-aperto-3	20260921-143106	Quindi, qual è il mio numero preferito?	Quindi, qual è il mio numero preferito?	0
beam5_hotwords	2026-09-21-webcam-mic-sempre-aperto-3	20260921-143125	Calliope, senti, secondo te conviene prendere l'ombrello se il cielo è nuvoloso?	Calliope, senti, secondo te conviene prendere l'ombrello se il cielo è nuvoloso?	0
beam5_hotwords	2026-09-21-webcam-mic-sempre-aperto-3	20260921-143135	Calliope, esci.	Calliope, esci!	0
beam5_hotwords	2026-09-21-webcam-mic-sempre-aperto-3	20260921-143147	Calliope, esci.	Cambio per pesci.	3
beam5_hotwords	2026-09-21-webcam-mic-sempre-aperto-3	20260921-143156	Calliope, esci.	Calliope Esci.	0
beam5_hotwords	2026-09-24-v03	20260924-115341	Calliope.	Calliope.	0
beam5_hotwords	2026-09-24-v03	20260924-115346	Qual è la capitale della Francia?	Qual è la capitale della Francia?	0
beam5_hotwords	2026-09-24-v03	20260924-115357	E quella della Spagna?	E quella della spagnia.	1
beam5_hotwords	2026-09-24-v03	20260924-115409	E quella della Spagna?	E quella della Spagna?	0
beam5_hotwords	2026-09-24-v03	20260924-115435	Oggi è proprio una bella giornata.	Oggi è proprio una bella giornata.	0
beam5_hotwords	2026-09-24-v03	20260924-115444	Calliope, che ore sono?	Calliope, che ore sono?	0
beam5_hotwords	2026-09-24-v03	20260924-115453	Puoi cambiare voce?	Puoi cambiare luce.	1
beam5_hotwords	2026-09-24-v03	20260924-115503	Puoi cambiare voce?	Vuoi cambiare voce?	1
beam5_hotwords	2026-09-24-v03	20260924-115525	Calliope, quanto dista la Luna dalla Terra?	Calliope, quanto è vista la Luna dalla Terra?	2
beam5_hotwords	2026-09-24-v03	20260924-115537	Perché il cielo è azzurro?	Per chi c'è da un'azurraba?	6
beam5_hotwords	2026-09-24-v03	20260924-115545	Perché il cielo è azzurro?	Perché il cielo è azzurro?	0
beam5_hotwords	2026-09-24-v03	20260924-115610	Calliope, dimmi tre città della Toscana.	Calliope Dimitra, città della Toscana.	2
beam5_hotwords	2026-09-24-v03	20260924-115625	Dimmi tre città della Toscana.	Dimmi tre città della Toscana.	0
beam5_hotwords	2026-09-24-v03	20260924-115638	Chi ha scritto I promessi sposi?	Chi ha scritto i Promessi Sposi?	0
beam5_hotwords	2026-09-24-v03	20260924-115709	Calliope, ieri sera ho visto un documentario sulla storia dell'Impero romano e mi sono chiesto quanto tempo ci volesse per andare da Roma a Costantinopoli a cavallo.	Calliope, ieri sera ho visto un documentario sulla storia dell'impero romano e mi sono chiesto quanto tempo ci volesse per andare da Roma a Costantinopoli a cavallo.	0
beam5_hotwords	2026-09-24-v03	20260924-115728	Ricordati che il mio numero preferito è quarantasette.	Ricordati che il mio numero preferito è 47.	0
beam5_hotwords	2026-09-24-v03	20260924-115739	Qual è il mio numero preferito?	Qual è il mio numero preferito?	0
beam5_hotwords	2026-09-24-v03	20260924-115757	Calliope, senti, secondo te conviene prendere l'ombrello se il cielo è nuvoloso?	Calliope, senti, secondo te conviene prendere l'ombrello se il cielo è nuvoloso?	0
beam5_hotwords	2026-09-24-v03	20260924-115821	Calliope, sai chi sono?	Calliope, sai chi sono?	0
beam5_hotwords	2026-09-24-v03	20260924-115829	Che giorno è oggi?	Che giorno è oggi?	0
beam5_hotwords	2026-09-24-v03	20260924-115838	Che voci hai?	Che voce hai?	1
beam5_hotwords	2026-09-24-v03	20260924-115856	Calliope, usa la voce di Paola.	Calliope, usa la voce di Paola.	0
beam5_hotwords	2026-09-24-v03	20260924-115906	Calliope, usa la voce di Paola.	Calliope, usa la voce di Paola.	0
beam5_hotwords	2026-09-24-v03	20260924-115916	Calliope, usa la voce di Paola.	Calliope usa la voce di Paola.	0
beam5_hotwords	2026-09-24-v03	20260924-115927	Calliope.	Calliope?	0
beam5_hotwords	2026-09-24-v03	20260924-120308	Calliope, raccontami una curiosità sul mare.	Calliope, raccontami una curiosità sul mare.	0
beam5_hotwords	2026-09-24-v03	20260924-120325	Torna alla voce di Serena.	Torna alla voce di Serena.	0
beam5_hotwords	2026-09-24-v03	20260924-120345	Calliope, chiamami Dario Lipari.	Calliope, chiamami Dario Lipani.	1
beam5_hotwords	2026-09-24-v03	20260924-120354	Chiamami Dario.	Chiamano Dario.	1
beam5_hotwords	2026-09-24-v03	20260924-120404	Calliope, esci.	Calliope, esci.	0
beam5_hotwords	2026-09-24-v03	20260924-120412	Esci.	Esci.	0
beam5_hotwords	2026-09-24-v03b	20260924-122037	Calliope.	Calliope	0
beam5_hotwords	2026-09-24-v03b	20260924-122043	Qual è la capitale della Francia?	Qual è la capitale della Francia?	0
beam5_hotwords	2026-09-24-v03b	20260924-122052	Qual è la capitale della Francia?	Qual è il capitale della Francia?	1
beam5_hotwords	2026-09-24-v03b	20260924-122057	E quella della Spagna?	Per quella donna spagnale.	3
beam5_hotwords	2026-09-24-v03b	20260924-122103	E quella della Spagna?	Quelle della Spagna?	2
beam5_hotwords	2026-09-24-v03b	20260924-122110	Quanto dista la Luna dalla Terra?	Quanto distaura la luna della terra?	2
beam5_hotwords	2026-09-24-v03b	20260924-122122	Ricordati che il mio numero preferito è quarantasette.	Ricordati che il mio numero preferito è 47.	0
beam5_hotwords	2026-09-24-v03b	20260924-122130	Qual è il mio numero preferito?	Qual è il mio numero preferito?	0
beam5_hotwords	2026-09-24-v03b	20260924-122143	Sai chi sono?	Fai chi sono?	1
beam5_hotwords	2026-09-24-v03b	20260924-122149	Usa la voce di Paola.	Usa la voce di Paola.	0
beam5_hotwords	2026-09-24-v03b	20260924-122155	Torna alla voce di Serena.	Torna la voce di Serena.	1
beam5_hotwords	2026-09-24-v03b	20260924-122202	Chiamami Dario.	Chiamami Dario.	0
beam5_hotwords	2026-09-24-v03b	20260924-122208	Calliope.	Calliope.	0
beam5_hotwords	2026-09-24-v03b	20260924-122213	Calliope, esci.	Addio pesci!	2
beam5_comandi	2026-09-21-webcam	20260921-140843	Calliope.	Calliope.	0
beam5_comandi	2026-09-21-webcam	20260921-140848	Qual è la capitale della Francia?	Con un capitolo della Francia.	4
beam5_comandi	2026-09-21-webcam	20260921-140859	Qual è la capitale della Francia?	Qual è la capitale della Francia?	0
beam5_comandi	2026-09-21-webcam	20260921-140908	E quella della Spagna?	E quella della Spagna?	0
beam5_comandi	2026-09-21-webcam	20260921-140919	Oggi è proprio una bella giornata.	Oggi è proprio una bella giornata.	0
beam5_comandi	2026-09-21-webcam	20260921-140938	Puoi cambiare voce?	E poi cambiare voce.	2
beam5_comandi	2026-09-21-webcam	20260921-140954	Calliope, quanto dista la Luna dalla Terra?	Calliope, quanto dista la luna dalla terra?	0
beam5_comandi	2026-09-21-webcam	20260921-141005	Perché il cielo è azzurro?	Perché il cielo è azzurro?	0
beam5_comandi	2026-09-21-webcam	20260921-141022	Calliope, dimmi tre città della Toscana.	Calliope, dimmi tre città della Toscana.	0
beam5_comandi	2026-09-21-webcam	20260921-141033	Chi ha scritto I promessi sposi?	Chi è spirito, un'assistente vocale.	5
beam5_comandi	2026-09-21-webcam	20260921-141044	Chi ha scritto I promessi sposi?	Chi ha scritto I Promessi Sposi?	0
beam5_comandi	2026-09-21-webcam	20260921-141106	Calliope, ieri sera ho visto un documentario sulla storia dell'Impero romano e mi sono chiesto quanto tempo ci volesse per andare da Roma a Costantinopoli a cavallo.	Calliope, ieri sera ho visto un documentale sulla storia dell'impero romano e mi sono chiesto quanto tempo ci volesse per andare da Roma a Costantinopoli a cavallo.	1
beam5_comandi	2026-09-21-webcam	20260921-141124	Ricordati che il mio numero preferito è quarantasette.	Ricordati che il mio numero preferito è 47.	0
beam5_comandi	2026-09-21-webcam	20260921-141138	Ricordati che il mio numero preferito è quarantasette.	Calliope, ricordati che il mio numero preferito è 47.	1
beam5_comandi	2026-09-21-webcam	20260921-141208	Ricordati che il mio numero preferito è quarantasette.	Ricordati che il mio numero preferito è 47.	0
beam5_comandi	2026-09-21-webcam	20260921-141231	E sai dirmi qual è il mio numero preferito?	E sai dirmi qual è il mio nomolo preferito?	1
beam5_comandi	2026-09-21-webcam	20260921-141237	Calliope, esci.	Calliope, esci.	0
beam5_comandi	2026-09-21-webcam	20260921-141247	Calliope, esci.	Calliope, esci.	0
beam5_comandi	2026-09-21-webcam-mic-sempre-aperto	20260921-141602	Calliope.	Calliope.	0
beam5_comandi	2026-09-21-webcam-mic-sempre-aperto	20260921-141607	Qual è la capitale della Francia?	Qual è la capitale della Francia?	0
beam5_comandi	2026-09-21-webcam-mic-sempre-aperto	20260921-141614	E quella della Spagna?	E quella della Spagna?	0
beam5_comandi	2026-09-21-webcam-mic-sempre-aperto	20260921-141630	Oggi è proprio una bella giornata.	Oggi è proprio una bella giornata.	0
beam5_comandi	2026-09-21-webcam-mic-sempre-aperto	20260921-141637	Calliope, che ore sono?	Calliope, che ore sono?	0
beam5_comandi	2026-09-21-webcam-mic-sempre-aperto	20260921-141644	Puoi cambiare voce?	Vuoi cambiare voce?	1
beam5_comandi	2026-09-21-webcam-mic-sempre-aperto	20260921-141700	Calliope, quanto dista la Luna dalla Terra?	Calliope, quanto dista la luna dalla terra?	0
beam5_comandi	2026-09-21-webcam-mic-sempre-aperto	20260921-141711	Perché il cielo è azzurro?	Perché il cielo è azzurro.	0
beam5_comandi	2026-09-21-webcam-mic-sempre-aperto	20260921-141738	Calliope, dimmi tre città della Toscana.	Calliope, dimmi tre città della Toscana.	0
beam5_comandi	2026-09-21-webcam-mic-sempre-aperto	20260921-141751	Chi ha scritto I promessi sposi?	Che ha scritto i Promessi Sposi?	1
beam5_comandi	2026-09-21-webcam-mic-sempre-aperto	20260921-141807	Calliope, chi ha scritto I promessi sposi?	Calliope, chi ha scritto i promessi sposi?	0
beam5_comandi	2026-09-21-webcam-mic-sempre-aperto	20260921-141814	Calliope.	Calliope!	0
beam5_comandi	2026-09-21-webcam-mic-sempre-aperto	20260921-141822	Calliope.	Calliope.	0
beam5_comandi	2026-09-21-webcam-mic-sempre-aperto	20260921-141829	Calliope.	Calliope.	0
beam5_comandi	2026-09-21-webcam-mic-sempre-aperto	20260921-141844	Calliope, chi ha scritto I promessi sposi?	Calliope ti ha scritto i promessi sposi.	1
beam5_comandi	2026-09-21-webcam-mic-sempre-aperto-2	20260921-142147	Calliope.	Calliope.	0
beam5_comandi	2026-09-21-webcam-mic-sempre-aperto-2	20260921-142157	Calliope.	Calliope.	0
beam5_comandi	2026-09-21-webcam-mic-sempre-aperto-3	20260921-142714	Calliope.	Calliope.	0
beam5_comandi	2026-09-21-webcam-mic-sempre-aperto-3	20260921-142719	Qual è la capitale della Francia?	Qual è la capitale della Francia?	0
beam5_comandi	2026-09-21-webcam-mic-sempre-aperto-3	20260921-142726	E quella della Spagna?	Grazie a tutti.	4
beam5_comandi	2026-09-21-webcam-mic-sempre-aperto-3	20260921-142734	E la sua capitale?	E la sua capitale?	0
beam5_comandi	2026-09-21-webcam-mic-sempre-aperto-3	20260921-142752	Oggi è proprio una bella giornata.	Oggi è proprio una bella giornata.	0
beam5_comandi	2026-09-21-webcam-mic-sempre-aperto-3	20260921-142757	Calliope, che ore sono?	Calliope, che ore sono?	0
beam5_comandi	2026-09-21-webcam-mic-sempre-aperto-3	20260921-142806	Che ore sono?	Che ore sono?	0
beam5_comandi	2026-09-21-webcam-mic-sempre-aperto-3	20260921-142813	Puoi cambiare voce?	Vuoi cambiare voce?	1
beam5_comandi	2026-09-21-webcam-mic-sempre-aperto-3	20260921-142831	Calliope, quanto dista la Luna dalla Terra?	Cambio per Quanto dista la Luna dalla Terra?	2
beam5_comandi	2026-09-21-webcam-mic-sempre-aperto-3	20260921-142841	Calliope, quanto dista la Luna dalla Terra?	Calliope, quanto dista la luna dalla terra?	0
beam5_comandi	2026-09-21-webcam-mic-sempre-aperto-3	20260921-142851	Perché il cielo è azzurro?	Per quel ciò no è il suo?	6
beam5_comandi	2026-09-21-webcam-mic-sempre-aperto-3	20260921-142900	Perché il cielo è azzurro?	Perché il cielo è azzurro.	0
beam5_comandi	2026-09-21-webcam-mic-sempre-aperto-3	20260921-142922	Calliope, dimmi tre città della Toscana.	Calliope, dimmi tra città della Toscana.	1
beam5_comandi	2026-09-21-webcam-mic-sempre-aperto-3	20260921-142935	Chi ha scritto I promessi sposi?	Chi ha scritto i promessi sposi?	0
beam5_comandi	2026-09-21-webcam-mic-sempre-aperto-3	20260921-142958	Calliope, ieri sera ho visto un documentario sulla storia dell'Impero romano e mi sono chiesto quanto tempo ci volesse per andare da Roma a Costantinopoli a cavallo.	Calliope, ieri sera ho visto un documentario sulla storia dell'Impero Romano e mi sono chiesto quanto tempo ci volesse per andare da Roma a Costantinopoli a cavallo.	0
beam5_comandi	2026-09-21-webcam-mic-sempre-aperto-3	20260921-143018	Calliope, ieri sera ho visto un documentario sulla storia dell'Impero romano e mi sono chiesto quanto tempo ci volesse per andare da Roma a Costantinopoli a cavallo.	Calliope, ieri sier ho visto un documentario sulla storia dell'Impero Romano e mi sono chiesto quanto tempo ci volesse per andare da Roma a Costantinopoli a cavallo.	1
beam5_comandi	2026-09-21-webcam-mic-sempre-aperto-3	20260921-143032	Calliope.	Calliope.	0
beam5_comandi	2026-09-21-webcam-mic-sempre-aperto-3	20260921-143043	ieri sera ho visto un documentario sulla storia dell'Impero romano e mi sono chiesto quanto tempo ci volesse per andare da Roma a Costantinopoli a cavallo.	Ieri sera ho visto un documentario sulla storia dell'impero romano e mi sono chiesto quanto tempo ci volesse per andare da Roma a Costantinopoli a cavallo.	0
beam5_comandi	2026-09-21-webcam-mic-sempre-aperto-3	20260921-143058	Ricordati che il mio numero preferito è quarantasette.	Ricordati che il mio numero preferito è 47.	0
beam5_comandi	2026-09-21-webcam-mic-sempre-aperto-3	20260921-143106	Quindi, qual è il mio numero preferito?	Quindi, qual è il mio numero preferito?	0
beam5_comandi	2026-09-21-webcam-mic-sempre-aperto-3	20260921-143125	Calliope, senti, secondo te conviene prendere l'ombrello se il cielo è nuvoloso?	Calliope, senti, secondo te conviene prendere l'ombrello se il cielo è nuvoloso?	0
beam5_comandi	2026-09-21-webcam-mic-sempre-aperto-3	20260921-143135	Calliope, esci.	Calliope, esci.	0
beam5_comandi	2026-09-21-webcam-mic-sempre-aperto-3	20260921-143147	Calliope, esci.	Cambio per pesci.	3
beam5_comandi	2026-09-21-webcam-mic-sempre-aperto-3	20260921-143156	Calliope, esci.	Calliope, esci.	0
beam5_comandi	2026-09-24-v03	20260924-115341	Calliope.	Calliope.	0
beam5_comandi	2026-09-24-v03	20260924-115346	Qual è la capitale della Francia?	Qual è la capitale della Francia?	0
beam5_comandi	2026-09-24-v03	20260924-115357	E quella della Spagna?	Ecco il nostro spagnia.	4
beam5_comandi	2026-09-24-v03	20260924-115409	E quella della Spagna?	E quella della Spagna?	0
beam5_comandi	2026-09-24-v03	20260924-115435	Oggi è proprio una bella giornata.	Oggi è proprio una bella giornata.	0
beam5_comandi	2026-09-24-v03	20260924-115444	Calliope, che ore sono?	Calliope, che ore sono?	0
beam5_comandi	2026-09-24-v03	20260924-115453	Puoi cambiare voce?	Puoi cambiare la luce.	2
beam5_comandi	2026-09-24-v03	20260924-115503	Puoi cambiare voce?	Puoi cambiare voce?	0
beam5_comandi	2026-09-24-v03	20260924-115525	Calliope, quanto dista la Luna dalla Terra?	Calliope, quanto è vista la Luna dalla Terra?	2
beam5_comandi	2026-09-24-v03	20260924-115537	Perché il cielo è azzurro?	Per qu'è il c'è da un'è azzurra, però?	9
beam5_comandi	2026-09-24-v03	20260924-115545	Perché il cielo è azzurro?	Perché il cielo è azzurro?	0
beam5_comandi	2026-09-24-v03	20260924-115610	Calliope, dimmi tre città della Toscana.	Calliope, Dimitra, città della Toscana.	2
beam5_comandi	2026-09-24-v03	20260924-115625	Dimmi tre città della Toscana.	Dimmi tre città della Toscana.	0
beam5_comandi	2026-09-24-v03	20260924-115638	Chi ha scritto I promessi sposi?	Chi ha scritto i Promessi Sposi?	0
beam5_comandi	2026-09-24-v03	20260924-115709	Calliope, ieri sera ho visto un documentario sulla storia dell'Impero romano e mi sono chiesto quanto tempo ci volesse per andare da Roma a Costantinopoli a cavallo.	Calliope, ieri sera ho visto un documentario sulla storia dell'impero romano e mi sono chiesto quanto tempo ci volesse per andare da Roma a Costantinopoli a cavallo.	0
beam5_comandi	2026-09-24-v03	20260924-115728	Ricordati che il mio numero preferito è quarantasette.	Ricordati che il mio numero preferito è 47.	0
beam5_comandi	2026-09-24-v03	20260924-115739	Qual è il mio numero preferito?	Qual è il mio numero preferito?	0
beam5_comandi	2026-09-24-v03	20260924-115757	Calliope, senti, secondo te conviene prendere l'ombrello se il cielo è nuvoloso?	Calliope, senti, secondo te conviene prendere l'ombrello se il cielo è nuvoloso?	0
beam5_comandi	2026-09-24-v03	20260924-115821	Calliope, sai chi sono?	Calliope, sai chi sono?	0
beam5_comandi	2026-09-24-v03	20260924-115829	Che giorno è oggi?	Che giorno è oggi?	0
beam5_comandi	2026-09-24-v03	20260924-115838	Che voci hai?	Che voce hai?	1
beam5_comandi	2026-09-24-v03	20260924-115856	Calliope, usa la voce di Paola.	Calliope, usa la voce di Paola.	0
beam5_comandi	2026-09-24-v03	20260924-115906	Calliope, usa la voce di Paola.	Calliope, usa la voce di Paola.	0
beam5_comandi	2026-09-24-v03	20260924-115916	Calliope, usa la voce di Paola.	Calliope usa la voce di Paola.	0
beam5_comandi	2026-09-24-v03	20260924-115927	Calliope.	Calliope?	0
beam5_comandi	2026-09-24-v03	20260924-120308	Calliope, raccontami una curiosità sul mare.	Calliope, raccontami una curiosità sul mare.	0
beam5_comandi	2026-09-24-v03	20260924-120325	Torna alla voce di Serena.	Torna alla voce di Serena.	0
beam5_comandi	2026-09-24-v03	20260924-120345	Calliope, chiamami Dario Lipari.	Calliope, chiamami, darei ulipari.	2
beam5_comandi	2026-09-24-v03	20260924-120354	Chiamami Dario.	Chiamano Dario.	1
beam5_comandi	2026-09-24-v03	20260924-120404	Calliope, esci.	Calliope, esci.	0
beam5_comandi	2026-09-24-v03	20260924-120412	Esci.	Esci.	0
beam5_comandi	2026-09-24-v03b	20260924-122037	Calliope.	Calliope.	0
beam5_comandi	2026-09-24-v03b	20260924-122043	Qual è la capitale della Francia?	Qual è la capitale della Francia?	0
beam5_comandi	2026-09-24-v03b	20260924-122052	Qual è la capitale della Francia?	Qual è la capitale della Francia?	0
beam5_comandi	2026-09-24-v03b	20260924-122057	E quella della Spagna?	Per quella donna spagnale.	3
beam5_comandi	2026-09-24-v03b	20260924-122103	E quella della Spagna?	Quelle della Spagna?	2
beam5_comandi	2026-09-24-v03b	20260924-122110	Quanto dista la Luna dalla Terra?	Quanto distaura la luna della terra?	2
beam5_comandi	2026-09-24-v03b	20260924-122122	Ricordati che il mio numero preferito è quarantasette.	Ricordati che il mio numero preferito è 47.	0
beam5_comandi	2026-09-24-v03b	20260924-122130	Qual è il mio numero preferito?	Qual è il mio numero preferito?	0
beam5_comandi	2026-09-24-v03b	20260924-122143	Sai chi sono?	Fai chi sono?	1
beam5_comandi	2026-09-24-v03b	20260924-122149	Usa la voce di Paola.	Usa la voce di Paola.	0
beam5_comandi	2026-09-24-v03b	20260924-122155	Torna alla voce di Serena.	Torna la voce di Serena.	1
beam5_comandi	2026-09-24-v03b	20260924-122202	Chiamami Dario.	Chiamami Dario.	0
beam5_comandi	2026-09-24-v03b	20260924-122208	Calliope.	Calliope.	0
beam5_comandi	2026-09-24-v03b	20260924-122213	Calliope, esci.	Addio pesci!	2
beam5_contesto	2026-09-21-webcam	20260921-140843	Calliope.	Calliope.	0
beam5_contesto	2026-09-21-webcam	20260921-140848	Qual è la capitale della Francia?	Con un capitolo della Francia.	4
beam5_contesto	2026-09-21-webcam	20260921-140859	Qual è la capitale della Francia?	Qual è la capitale della Francia?	0
beam5_contesto	2026-09-21-webcam	20260921-140908	E quella della Spagna?	E quella della Spagna?	0
beam5_contesto	2026-09-21-webcam	20260921-140919	Oggi è proprio una bella giornata.	Oggi è proprio una bella giornata.	0
beam5_contesto	2026-09-21-webcam	20260921-140938	Puoi cambiare voce?	E poi cambiare voce.	2
beam5_contesto	2026-09-21-webcam	20260921-140954	Calliope, quanto dista la Luna dalla Terra?	Calliope, quanto dista la luna dalla terra?	0
beam5_contesto	2026-09-21-webcam	20260921-141005	Perché il cielo è azzurro?	Perché il cielo è azzurro?	0
beam5_contesto	2026-09-21-webcam	20260921-141022	Calliope, dimmi tre città della Toscana.	Calliope, dimmi tre città della Toscana.	0
beam5_contesto	2026-09-21-webcam	20260921-141033	Chi ha scritto I promessi sposi?	C'è un'assistente vocale di casa.	7
beam5_contesto	2026-09-21-webcam	20260921-141044	Chi ha scritto I promessi sposi?	Chi ha scritto I Promessi Sposi?	0
beam5_contesto	2026-09-21-webcam	20260921-141106	Calliope, ieri sera ho visto un documentario sulla storia dell'Impero romano e mi sono chiesto quanto tempo ci volesse per andare da Roma a Costantinopoli a cavallo.	Calliope, ieri sera ho visto un documentale sulla storia dell'impero romano e mi sono chiesto quanto tempo ci volesse per andare da Roma a Costantinopoli a cavallo.	1
beam5_contesto	2026-09-21-webcam	20260921-141124	Ricordati che il mio numero preferito è quarantasette.	Ricordati che il mio numero preferito è 47.	0
beam5_contesto	2026-09-21-webcam	20260921-141138	Ricordati che il mio numero preferito è quarantasette.	Calliope, ricordati che il mio numero preferito è 47.	1
beam5_contesto	2026-09-21-webcam	20260921-141208	Ricordati che il mio numero preferito è quarantasette.	Ricordati che il mio numero preferito è 47.	0
beam5_contesto	2026-09-21-webcam	20260921-141231	E sai dirmi qual è il mio numero preferito?	E sai dirmi qual è il mio nomolo preferito?	1
beam5_contesto	2026-09-21-webcam	20260921-141237	Calliope, esci.	Calliope eshi.	1
beam5_contesto	2026-09-21-webcam	20260921-141247	Calliope, esci.	Calliope, esci!	0
beam5_contesto	2026-09-21-webcam-mic-sempre-aperto	20260921-141602	Calliope.	Calliope.	0
beam5_contesto	2026-09-21-webcam-mic-sempre-aperto	20260921-141607	Qual è la capitale della Francia?	Qual è la capitale della Francia?	0
beam5_contesto	2026-09-21-webcam-mic-sempre-aperto	20260921-141614	E quella della Spagna?	E quella della Spagna?	0
beam5_contesto	2026-09-21-webcam-mic-sempre-aperto	20260921-141630	Oggi è proprio una bella giornata.	Oggi è proprio una bella giornata.	0
beam5_contesto	2026-09-21-webcam-mic-sempre-aperto	20260921-141637	Calliope, che ore sono?	Calliope, che ore sono?	0
beam5_contesto	2026-09-21-webcam-mic-sempre-aperto	20260921-141644	Puoi cambiare voce?	Vuoi cambiare voce?	1
beam5_contesto	2026-09-21-webcam-mic-sempre-aperto	20260921-141700	Calliope, quanto dista la Luna dalla Terra?	Calliope, quanto dista la luna dalla terra?	0
beam5_contesto	2026-09-21-webcam-mic-sempre-aperto	20260921-141711	Perché il cielo è azzurro?	Perché il cielo è azzurro.	0
beam5_contesto	2026-09-21-webcam-mic-sempre-aperto	20260921-141738	Calliope, dimmi tre città della Toscana.	Calliope, dimmi tre città della Toscana.	0
beam5_contesto	2026-09-21-webcam-mic-sempre-aperto	20260921-141751	Chi ha scritto I promessi sposi?	Che ha scritto i Promessi Sposi?	1
beam5_contesto	2026-09-21-webcam-mic-sempre-aperto	20260921-141807	Calliope, chi ha scritto I promessi sposi?	Calliope, chi ha scritto i promessi sposi?	0
beam5_contesto	2026-09-21-webcam-mic-sempre-aperto	20260921-141814	Calliope.	Calliope!	0
beam5_contesto	2026-09-21-webcam-mic-sempre-aperto	20260921-141822	Calliope.	Calliope.	0
beam5_contesto	2026-09-21-webcam-mic-sempre-aperto	20260921-141829	Calliope.	Calliope.	0
beam5_contesto	2026-09-21-webcam-mic-sempre-aperto	20260921-141844	Calliope, chi ha scritto I promessi sposi?	Calliope ti ha scritto i promessi sposi.	1
beam5_contesto	2026-09-21-webcam-mic-sempre-aperto-2	20260921-142147	Calliope.	Calliope!	0
beam5_contesto	2026-09-21-webcam-mic-sempre-aperto-2	20260921-142157	Calliope.	Calliope!	0
beam5_contesto	2026-09-21-webcam-mic-sempre-aperto-3	20260921-142714	Calliope.	Calliope.	0
beam5_contesto	2026-09-21-webcam-mic-sempre-aperto-3	20260921-142719	Qual è la capitale della Francia?	Qual è la capitale della Francia?	0
beam5_contesto	2026-09-21-webcam-mic-sempre-aperto-3	20260921-142726	E quella della Spagna?	Grazie per la visione!	4
beam5_contesto	2026-09-21-webcam-mic-sempre-aperto-3	20260921-142734	E la sua capitale?	E la sua capitale?	0
beam5_contesto	2026-09-21-webcam-mic-sempre-aperto-3	20260921-142752	Oggi è proprio una bella giornata.	Oggi è proprio una bella giornata.	0
beam5_contesto	2026-09-21-webcam-mic-sempre-aperto-3	20260921-142757	Calliope, che ore sono?	Calliope, che ore sono?	0
beam5_contesto	2026-09-21-webcam-mic-sempre-aperto-3	20260921-142806	Che ore sono?	Che ore sono?	0
beam5_contesto	2026-09-21-webcam-mic-sempre-aperto-3	20260921-142813	Puoi cambiare voce?	Vuoi cambiare voce?	1
beam5_contesto	2026-09-21-webcam-mic-sempre-aperto-3	20260921-142831	Calliope, quanto dista la Luna dalla Terra?	Cambio per quanto dista la luna dalla terra.	2
beam5_contesto	2026-09-21-webcam-mic-sempre-aperto-3	20260921-142841	Calliope, quanto dista la Luna dalla Terra?	Calliope, quanto dista la luna dalla terra?	0
beam5_contesto	2026-09-21-webcam-mic-sempre-aperto-3	20260921-142851	Perché il cielo è azzurro?	Per quel ciò no è il suo ruolo.	7
beam5_contesto	2026-09-21-webcam-mic-sempre-aperto-3	20260921-142900	Perché il cielo è azzurro?	Perché il cielo è azzurro.	0
beam5_contesto	2026-09-21-webcam-mic-sempre-aperto-3	20260921-142922	Calliope, dimmi tre città della Toscana.	Cambi un bene, dimmi tra città della Toscana.	4
beam5_contesto	2026-09-21-webcam-mic-sempre-aperto-3	20260921-142935	Chi ha scritto I promessi sposi?	Chi ha scritto i promessi sposi?	0
beam5_contesto	2026-09-21-webcam-mic-sempre-aperto-3	20260921-142958	Calliope, ieri sera ho visto un documentario sulla storia dell'Impero romano e mi sono chiesto quanto tempo ci volesse per andare da Roma a Costantinopoli a cavallo.	Calliope, ieri sera ho visto un documentario sulla storia dell'impero romano e mi sono chiesto quanto tempo ci volesse per andare da Roma a Costantinopoli a cavallo.	0
beam5_contesto	2026-09-21-webcam-mic-sempre-aperto-3	20260921-143018	Calliope, ieri sera ho visto un documentario sulla storia dell'Impero romano e mi sono chiesto quanto tempo ci volesse per andare da Roma a Costantinopoli a cavallo.	Calliope, ieri sier ho visto un documentario sulla storia dell'Impero Romano e mi sono chiesto quanto tempo ci volesse per andare da Roma a Costantinopoli a cavallo.	1
beam5_contesto	2026-09-21-webcam-mic-sempre-aperto-3	20260921-143032	Calliope.	Calliope.	0
beam5_contesto	2026-09-21-webcam-mic-sempre-aperto-3	20260921-143043	ieri sera ho visto un documentario sulla storia dell'Impero romano e mi sono chiesto quanto tempo ci volesse per andare da Roma a Costantinopoli a cavallo.	Ieri sera ho visto un documentario sulla storia dell'impero romano e mi sono chiesto quanto tempo ci volesse per andare da Roma a Costantinopoli a cavallo.	0
beam5_contesto	2026-09-21-webcam-mic-sempre-aperto-3	20260921-143058	Ricordati che il mio numero preferito è quarantasette.	Ricordati che il mio numero preferito è 47.	0
beam5_contesto	2026-09-21-webcam-mic-sempre-aperto-3	20260921-143106	Quindi, qual è il mio numero preferito?	Quindi, qual'è il mio numero preferito?	0
beam5_contesto	2026-09-21-webcam-mic-sempre-aperto-3	20260921-143125	Calliope, senti, secondo te conviene prendere l'ombrello se il cielo è nuvoloso?	Calliope, senti, secondo te conviene prendere l'ombrello se il cielo è nuvoloso?	0
beam5_contesto	2026-09-21-webcam-mic-sempre-aperto-3	20260921-143135	Calliope, esci.	Calliope, esci!	0
beam5_contesto	2026-09-21-webcam-mic-sempre-aperto-3	20260921-143147	Calliope, esci.	Cambio per pesci.	3
beam5_contesto	2026-09-21-webcam-mic-sempre-aperto-3	20260921-143156	Calliope, esci.	Calliope esci!	0
beam5_contesto	2026-09-24-v03	20260924-115341	Calliope.	Calliope!	0
beam5_contesto	2026-09-24-v03	20260924-115346	Qual è la capitale della Francia?	Qual è la capitale della Francia?	0
beam5_contesto	2026-09-24-v03	20260924-115357	E quella della Spagna?	Equale lo spagnac.	4
beam5_contesto	2026-09-24-v03	20260924-115409	E quella della Spagna?	E quella della Spagna?	0
beam5_contesto	2026-09-24-v03	20260924-115435	Oggi è proprio una bella giornata.	Oggi è proprio una bella giornata.	0
beam5_contesto	2026-09-24-v03	20260924-115444	Calliope, che ore sono?	Calliope, che ore sono?	0
beam5_contesto	2026-09-24-v03	20260924-115453	Puoi cambiare voce?	Puoi cambiare la luce.	2
beam5_contesto	2026-09-24-v03	20260924-115503	Puoi cambiare voce?	Vuoi cambiare voce?	1
beam5_contesto	2026-09-24-v03	20260924-115525	Calliope, quanto dista la Luna dalla Terra?	Calliope, quanto è vista la Luna dalla Terra?	2
beam5_contesto	2026-09-24-v03	20260924-115537	Perché il cielo è azzurro?	Perché c'è da un'azurraba?	5
beam5_contesto	2026-09-24-v03	20260924-115545	Perché il cielo è azzurro?	Perché il cielo è azzurro?	0
beam5_contesto	2026-09-24-v03	20260924-115610	Calliope, dimmi tre città della Toscana.	Calliope, Dimitra, città della Toscana.	2
beam5_contesto	2026-09-24-v03	20260924-115625	Dimmi tre città della Toscana.	Dimmi tre città della Toscana.	0
beam5_contesto	2026-09-24-v03	20260924-115638	Chi ha scritto I promessi sposi?	Chi ha scritto i Promessi Sposi?	0
beam5_contesto	2026-09-24-v03	20260924-115709	Calliope, ieri sera ho visto un documentario sulla storia dell'Impero romano e mi sono chiesto quanto tempo ci volesse per andare da Roma a Costantinopoli a cavallo.	Calliope, ieri sera ho visto un documentario sulla storia dell'impero romano e mi sono chiesto quanto tempo ci volesse per andare da Roma a Costantinopoli a cavallo.	0
beam5_contesto	2026-09-24-v03	20260924-115728	Ricordati che il mio numero preferito è quarantasette.	Ricordati che il mio numero preferito è 47.	0
beam5_contesto	2026-09-24-v03	20260924-115739	Qual è il mio numero preferito?	Qual è il mio numero preferito?	0
beam5_contesto	2026-09-24-v03	20260924-115757	Calliope, senti, secondo te conviene prendere l'ombrello se il cielo è nuvoloso?	Calliope, senti, secondo te conviene prendere l'ombrello se il cielo è nuvoloso?	0
beam5_contesto	2026-09-24-v03	20260924-115821	Calliope, sai chi sono?	Calliope, sai chi sono?	0
beam5_contesto	2026-09-24-v03	20260924-115829	Che giorno è oggi?	Che giorno è oggi?	0
beam5_contesto	2026-09-24-v03	20260924-115838	Che voci hai?	Che voce hai?	1
beam5_contesto	2026-09-24-v03	20260924-115856	Calliope, usa la voce di Paola.	Calliope, usa la voce di Paola.	0
beam5_contesto	2026-09-24-v03	20260924-115906	Calliope, usa la voce di Paola.	Calliope, usa la voce di Paola.	0
beam5_contesto	2026-09-24-v03	20260924-115916	Calliope, usa la voce di Paola.	Calliope, usa la voce di Paola.	0
beam5_contesto	2026-09-24-v03	20260924-115927	Calliope.	Calliope?	0
beam5_contesto	2026-09-24-v03	20260924-120308	Calliope, raccontami una curiosità sul mare.	Calliope, raccontami una curiosità sul mare.	0
beam5_contesto	2026-09-24-v03	20260924-120325	Torna alla voce di Serena.	Torna alla voce di Serena.	0
beam5_contesto	2026-09-24-v03	20260924-120345	Calliope, chiamami Dario Lipari.	Calliope, chiamami, darei ulipari.	2
beam5_contesto	2026-09-24-v03	20260924-120354	Chiamami Dario.	Mi chiamano Dario.	2
beam5_contesto	2026-09-24-v03	20260924-120404	Calliope, esci.	Calliope, esci.	0
beam5_contesto	2026-09-24-v03	20260924-120412	Esci.	Ecco, esci!	1
beam5_contesto	2026-09-24-v03b	20260924-122037	Calliope.	Calliope	0
beam5_contesto	2026-09-24-v03b	20260924-122043	Qual è la capitale della Francia?	Qual è la capitale della Francia?	0
beam5_contesto	2026-09-24-v03b	20260924-122052	Qual è la capitale della Francia?	Qual è il capitale della Francia?	1
beam5_contesto	2026-09-24-v03b	20260924-122057	E quella della Spagna?	Ecco la donna spagnale.	4
beam5_contesto	2026-09-24-v03b	20260924-122103	E quella della Spagna?	Il cuore della Spagna.	2
beam5_contesto	2026-09-24-v03b	20260924-122110	Quanto dista la Luna dalla Terra?	Quanto distaura la luna della terra?	2
beam5_contesto	2026-09-24-v03b	20260924-122122	Ricordati che il mio numero preferito è quarantasette.	Ricordati che il mio numero preferito è 47.	0
beam5_contesto	2026-09-24-v03b	20260924-122130	Qual è il mio numero preferito?	E' il mio numero preferito.	2
beam5_contesto	2026-09-24-v03b	20260924-122143	Sai chi sono?	Fai chi sono?	1
beam5_contesto	2026-09-24-v03b	20260924-122149	Usa la voce di Paola.	Usa la voce di Paola.	0
beam5_contesto	2026-09-24-v03b	20260924-122155	Torna alla voce di Serena.	Torna la voce di Serena.	1
beam5_contesto	2026-09-24-v03b	20260924-122202	Chiamami Dario.	Chiamami Dario.	0
beam5_contesto	2026-09-24-v03b	20260924-122208	Calliope.	Calliope!	0
beam5_contesto	2026-09-24-v03b	20260924-122213	Calliope, esci.	Addio pesci!	2
beam5_comandi_hot	2026-09-21-webcam	20260921-140843	Calliope.	Calliope.	0
beam5_comandi_hot	2026-09-21-webcam	20260921-140848	Qual è la capitale della Francia?	Con un capitolo della Francia.	4
beam5_comandi_hot	2026-09-21-webcam	20260921-140859	Qual è la capitale della Francia?	Qual è la capitale della Francia?	0
beam5_comandi_hot	2026-09-21-webcam	20260921-140908	E quella della Spagna?	E quella della Spagna?	0
beam5_comandi_hot	2026-09-21-webcam	20260921-140919	Oggi è proprio una bella giornata.	Oggi è proprio una bella giornata.	0
beam5_comandi_hot	2026-09-21-webcam	20260921-140938	Puoi cambiare voce?	e poi cambiare voce	2
beam5_comandi_hot	2026-09-21-webcam	20260921-140954	Calliope, quanto dista la Luna dalla Terra?	Calliope, quanto dista la luna dalla terra?	0
beam5_comandi_hot	2026-09-21-webcam	20260921-141005	Perché il cielo è azzurro?	Perché il cielo è azzurro?	0
beam5_comandi_hot	2026-09-21-webcam	20260921-141022	Calliope, dimmi tre città della Toscana.	Calliope, dimmi tre città della Toscana.	0
beam5_comandi_hot	2026-09-21-webcam	20260921-141033	Chi ha scritto I promessi sposi?	C'è un'assistente vocale.	6
beam5_comandi_hot	2026-09-21-webcam	20260921-141044	Chi ha scritto I promessi sposi?	Chi ha scritto I Promessi Sposi?	0
beam5_comandi_hot	2026-09-21-webcam	20260921-141106	Calliope, ieri sera ho visto un documentario sulla storia dell'Impero romano e mi sono chiesto quanto tempo ci volesse per andare da Roma a Costantinopoli a cavallo.	Calliope, ieri sera ho visto un documentale sulla storia dell'impero romano e mi sono chiesto quanto tempo ci volesse per andare da Roma a Costantinopoli a cavallo.	1
beam5_comandi_hot	2026-09-21-webcam	20260921-141124	Ricordati che il mio numero preferito è quarantasette.	Ricordati che il mio numero preferito è 47.	0
beam5_comandi_hot	2026-09-21-webcam	20260921-141138	Ricordati che il mio numero preferito è quarantasette.	Calliope, ricordati che il mio numero preferito è 47.	1
beam5_comandi_hot	2026-09-21-webcam	20260921-141208	Ricordati che il mio numero preferito è quarantasette.	Ricordati che il mio numero preferito è 47.	0
beam5_comandi_hot	2026-09-21-webcam	20260921-141231	E sai dirmi qual è il mio numero preferito?	E sai dirmi qual è il mio nomolo preferito?	1
beam5_comandi_hot	2026-09-21-webcam	20260921-141237	Calliope, esci.	Calliope, esci.	0
beam5_comandi_hot	2026-09-21-webcam	20260921-141247	Calliope, esci.	Calliope, esci.	0
beam5_comandi_hot	2026-09-21-webcam-mic-sempre-aperto	20260921-141602	Calliope.	Calliope.	0
beam5_comandi_hot	2026-09-21-webcam-mic-sempre-aperto	20260921-141607	Qual è la capitale della Francia?	Qual è la capitale della Francia?	0
beam5_comandi_hot	2026-09-21-webcam-mic-sempre-aperto	20260921-141614	E quella della Spagna?	E quella della Spagna?	0
beam5_comandi_hot	2026-09-21-webcam-mic-sempre-aperto	20260921-141630	Oggi è proprio una bella giornata.	Oggi è proprio una bella giornata.	0
beam5_comandi_hot	2026-09-21-webcam-mic-sempre-aperto	20260921-141637	Calliope, che ore sono?	Calliope, che ore sono?	0
beam5_comandi_hot	2026-09-21-webcam-mic-sempre-aperto	20260921-141644	Puoi cambiare voce?	Vuoi cambiare voce?	1
beam5_comandi_hot	2026-09-21-webcam-mic-sempre-aperto	20260921-141700	Calliope, quanto dista la Luna dalla Terra?	Calliope, quanto dista la luna dalla terra?	0
beam5_comandi_hot	2026-09-21-webcam-mic-sempre-aperto	20260921-141711	Perché il cielo è azzurro?	Perché il cielo è azzurro.	0
beam5_comandi_hot	2026-09-21-webcam-mic-sempre-aperto	20260921-141738	Calliope, dimmi tre città della Toscana.	Calliope, dimmi tre città della Toscana.	0
beam5_comandi_hot	2026-09-21-webcam-mic-sempre-aperto	20260921-141751	Chi ha scritto I promessi sposi?	Che ha scritto i Promessi Sposi?	1
beam5_comandi_hot	2026-09-21-webcam-mic-sempre-aperto	20260921-141807	Calliope, chi ha scritto I promessi sposi?	Calliope, chi ha scritto i promessi sposi?	0
beam5_comandi_hot	2026-09-21-webcam-mic-sempre-aperto	20260921-141814	Calliope.	Calliope.	0
beam5_comandi_hot	2026-09-21-webcam-mic-sempre-aperto	20260921-141822	Calliope.	Calliope.	0
beam5_comandi_hot	2026-09-21-webcam-mic-sempre-aperto	20260921-141829	Calliope.	Calliope.	0
beam5_comandi_hot	2026-09-21-webcam-mic-sempre-aperto	20260921-141844	Calliope, chi ha scritto I promessi sposi?	Calliope ti ha scritto i promessi sposi.	1
beam5_comandi_hot	2026-09-21-webcam-mic-sempre-aperto-2	20260921-142147	Calliope.	Calliope.	0
beam5_comandi_hot	2026-09-21-webcam-mic-sempre-aperto-2	20260921-142157	Calliope.	Calliope.	0
beam5_comandi_hot	2026-09-21-webcam-mic-sempre-aperto-3	20260921-142714	Calliope.	Calliope.	0
beam5_comandi_hot	2026-09-21-webcam-mic-sempre-aperto-3	20260921-142719	Qual è la capitale della Francia?	Qual è la capitale della Francia?	0
beam5_comandi_hot	2026-09-21-webcam-mic-sempre-aperto-3	20260921-142726	E quella della Spagna?	Cura della Spagna.	2
beam5_comandi_hot	2026-09-21-webcam-mic-sempre-aperto-3	20260921-142734	E la sua capitale?	e la sua capitale.	0
beam5_comandi_hot	2026-09-21-webcam-mic-sempre-aperto-3	20260921-142752	Oggi è proprio una bella giornata.	Oggi è proprio una bella giornata.	0
beam5_comandi_hot	2026-09-21-webcam-mic-sempre-aperto-3	20260921-142757	Calliope, che ore sono?	Calliope, che ore sono?	0
beam5_comandi_hot	2026-09-21-webcam-mic-sempre-aperto-3	20260921-142806	Che ore sono?	Che ore sono?	0
beam5_comandi_hot	2026-09-21-webcam-mic-sempre-aperto-3	20260921-142813	Puoi cambiare voce?	Vuoi cambiare voce?	1
beam5_comandi_hot	2026-09-21-webcam-mic-sempre-aperto-3	20260921-142831	Calliope, quanto dista la Luna dalla Terra?	Cambio per Quanto dista la Luna dalla Terra?	2
beam5_comandi_hot	2026-09-21-webcam-mic-sempre-aperto-3	20260921-142841	Calliope, quanto dista la Luna dalla Terra?	Calliope, quanto dista la luna dalla terra?	0
beam5_comandi_hot	2026-09-21-webcam-mic-sempre-aperto-3	20260921-142851	Perché il cielo è azzurro?	Per quel ciò non è il suo?	6
beam5_comandi_hot	2026-09-21-webcam-mic-sempre-aperto-3	20260921-142900	Perché il cielo è azzurro?	Perché il cielo è azzurro.	0
beam5_comandi_hot	2026-09-21-webcam-mic-sempre-aperto-3	20260921-142922	Calliope, dimmi tre città della Toscana.	Calliope, dimmi tra città della Toscana.	1
beam5_comandi_hot	2026-09-21-webcam-mic-sempre-aperto-3	20260921-142935	Chi ha scritto I promessi sposi?	Chi ha scritto i promessi sposi?	0
beam5_comandi_hot	2026-09-21-webcam-mic-sempre-aperto-3	20260921-142958	Calliope, ieri sera ho visto un documentario sulla storia dell'Impero romano e mi sono chiesto quanto tempo ci volesse per andare da Roma a Costantinopoli a cavallo.	Calliope, ieri sera ho visto un documentario sulla storia dell'Impero Romano e mi sono chiesto quanto tempo ci volesse per andare da Roma a Costantinopoli a cavallo.	0
beam5_comandi_hot	2026-09-21-webcam-mic-sempre-aperto-3	20260921-143018	Calliope, ieri sera ho visto un documentario sulla storia dell'Impero romano e mi sono chiesto quanto tempo ci volesse per andare da Roma a Costantinopoli a cavallo.	Calliope, ieri sier ho visto un documentario sulla storia dell'Impero Romano e mi sono chiesto quanto tempo ci volesse per andare da Roma a Costantinopoli a cavallo.	1
beam5_comandi_hot	2026-09-21-webcam-mic-sempre-aperto-3	20260921-143032	Calliope.	Calliope.	0
beam5_comandi_hot	2026-09-21-webcam-mic-sempre-aperto-3	20260921-143043	ieri sera ho visto un documentario sulla storia dell'Impero romano e mi sono chiesto quanto tempo ci volesse per andare da Roma a Costantinopoli a cavallo.	Ieri sera ho visto un documentario sulla storia dell'impero romano e mi sono chiesto quanto tempo ci volesse per andare da Roma a Costantinopoli a cavallo.	0
beam5_comandi_hot	2026-09-21-webcam-mic-sempre-aperto-3	20260921-143058	Ricordati che il mio numero preferito è quarantasette.	Ricordati che il mio numero preferito è 47.	0
beam5_comandi_hot	2026-09-21-webcam-mic-sempre-aperto-3	20260921-143106	Quindi, qual è il mio numero preferito?	Quindi, qual è il mio numero preferito?	0
beam5_comandi_hot	2026-09-21-webcam-mic-sempre-aperto-3	20260921-143125	Calliope, senti, secondo te conviene prendere l'ombrello se il cielo è nuvoloso?	Calliope, senti, secondo te conviene prendere l'ombrello se il cielo è nuvoloso?	0
beam5_comandi_hot	2026-09-21-webcam-mic-sempre-aperto-3	20260921-143135	Calliope, esci.	Calliope, esci.	0
beam5_comandi_hot	2026-09-21-webcam-mic-sempre-aperto-3	20260921-143147	Calliope, esci.	Cambio per pesci.	3
beam5_comandi_hot	2026-09-21-webcam-mic-sempre-aperto-3	20260921-143156	Calliope, esci.	Calliope, esci.	0
beam5_comandi_hot	2026-09-24-v03	20260924-115341	Calliope.	Calliope.	0
beam5_comandi_hot	2026-09-24-v03	20260924-115346	Qual è la capitale della Francia?	Qual è la capitale della Francia?	0
beam5_comandi_hot	2026-09-24-v03	20260924-115357	E quella della Spagna?	E qui adoro spagnia?	3
beam5_comandi_hot	2026-09-24-v03	20260924-115409	E quella della Spagna?	E quella della Spagna?	0
beam5_comandi_hot	2026-09-24-v03	20260924-115435	Oggi è proprio una bella giornata.	Oggi è proprio una bella giornata.	0
beam5_comandi_hot	2026-09-24-v03	20260924-115444	Calliope, che ore sono?	Calliope, che ore sono?	0
beam5_comandi_hot	2026-09-24-v03	20260924-115453	Puoi cambiare voce?	Puoi cambiare la luce.	2
beam5_comandi_hot	2026-09-24-v03	20260924-115503	Puoi cambiare voce?	Vuoi cambiare voce?	1
beam5_comandi_hot	2026-09-24-v03	20260924-115525	Calliope, quanto dista la Luna dalla Terra?	Calliope, quanto è vista la Luna dalla Terra?	2
beam5_comandi_hot	2026-09-24-v03	20260924-115537	Perché il cielo è azzurro?	C'è il ragazzo, però?	5
beam5_comandi_hot	2026-09-24-v03	20260924-115545	Perché il cielo è azzurro?	Perché il cielo è azzurro?	0
beam5_comandi_hot	2026-09-24-v03	20260924-115610	Calliope, dimmi tre città della Toscana.	Calliope, Dimitra, città della Toscana.	2
beam5_comandi_hot	2026-09-24-v03	20260924-115625	Dimmi tre città della Toscana.	Dimmi tre città della Toscana.	0
beam5_comandi_hot	2026-09-24-v03	20260924-115638	Chi ha scritto I promessi sposi?	Chi ha scritto i Promessi Sposi?	0
beam5_comandi_hot	2026-09-24-v03	20260924-115709	Calliope, ieri sera ho visto un documentario sulla storia dell'Impero romano e mi sono chiesto quanto tempo ci volesse per andare da Roma a Costantinopoli a cavallo.	Calliope, ieri sera ho visto un documentario sulla storia dell'impero romano e mi sono chiesto quanto tempo ci volesse per andare da Roma a Costantinopoli a cavallo.	0
beam5_comandi_hot	2026-09-24-v03	20260924-115728	Ricordati che il mio numero preferito è quarantasette.	Ricordati che il mio numero preferito è 47.	0
beam5_comandi_hot	2026-09-24-v03	20260924-115739	Qual è il mio numero preferito?	Qual è il mio numero preferito?	0
beam5_comandi_hot	2026-09-24-v03	20260924-115757	Calliope, senti, secondo te conviene prendere l'ombrello se il cielo è nuvoloso?	Calliope, senti, secondo te conviene prendere l'ombrello se il cielo è nuvoloso?	0
beam5_comandi_hot	2026-09-24-v03	20260924-115821	Calliope, sai chi sono?	Calliope, sai chi sono?	0
beam5_comandi_hot	2026-09-24-v03	20260924-115829	Che giorno è oggi?	Che giorno è oggi?	0
beam5_comandi_hot	2026-09-24-v03	20260924-115838	Che voci hai?	Che voce hai?	1
beam5_comandi_hot	2026-09-24-v03	20260924-115856	Calliope, usa la voce di Paola.	Calliope, usa la voce di Paola.	0
beam5_comandi_hot	2026-09-24-v03	20260924-115906	Calliope, usa la voce di Paola.	Calliope, usa la voce di Paola.	0
beam5_comandi_hot	2026-09-24-v03	20260924-115916	Calliope, usa la voce di Paola.	Calliope usa la voce di Paola.	0
beam5_comandi_hot	2026-09-24-v03	20260924-115927	Calliope.	Calliope?	0
beam5_comandi_hot	2026-09-24-v03	20260924-120308	Calliope, raccontami una curiosità sul mare.	Calliope, raccontami una curiosità sul mare.	0
beam5_comandi_hot	2026-09-24-v03	20260924-120325	Torna alla voce di Serena.	Torna alla voce di Serena.	0
beam5_comandi_hot	2026-09-24-v03	20260924-120345	Calliope, chiamami Dario Lipari.	Calliope, chiamami, darei ulipari.	2
beam5_comandi_hot	2026-09-24-v03	20260924-120354	Chiamami Dario.	chiamami Dario	0
beam5_comandi_hot	2026-09-24-v03	20260924-120404	Calliope, esci.	Calliope, esci.	0
beam5_comandi_hot	2026-09-24-v03	20260924-120412	Esci.	Esci.	0
beam5_comandi_hot	2026-09-24-v03b	20260924-122037	Calliope.	Calliope	0
beam5_comandi_hot	2026-09-24-v03b	20260924-122043	Qual è la capitale della Francia?	Qual è la capitale della Francia?	0
beam5_comandi_hot	2026-09-24-v03b	20260924-122052	Qual è la capitale della Francia?	Qual è il capitale della Francia?	1
beam5_comandi_hot	2026-09-24-v03b	20260924-122057	E quella della Spagna?	Per quella donna spagnale.	3
beam5_comandi_hot	2026-09-24-v03b	20260924-122103	E quella della Spagna?	Quelle della Spagna?	2
beam5_comandi_hot	2026-09-24-v03b	20260924-122110	Quanto dista la Luna dalla Terra?	Quanto distaura la luna della terra?	2
beam5_comandi_hot	2026-09-24-v03b	20260924-122122	Ricordati che il mio numero preferito è quarantasette.	Ricordati che il mio numero preferito è 47.	0
beam5_comandi_hot	2026-09-24-v03b	20260924-122130	Qual è il mio numero preferito?	Qual è il mio numero preferito?	0
beam5_comandi_hot	2026-09-24-v03b	20260924-122143	Sai chi sono?	Fai chi sono?	1
beam5_comandi_hot	2026-09-24-v03b	20260924-122149	Usa la voce di Paola.	Usa la voce di Paola.	0
beam5_comandi_hot	2026-09-24-v03b	20260924-122155	Torna alla voce di Serena.	Torna la voce di Serena.	1
beam5_comandi_hot	2026-09-24-v03b	20260924-122202	Chiamami Dario.	Chiamami Dario.	0
beam5_comandi_hot	2026-09-24-v03b	20260924-122208	Calliope.	Calliope.	0
beam5_comandi_hot	2026-09-24-v03b	20260924-122213	Calliope, esci.	Addio pesci!	2
beam5_comandi_temp0	2026-09-21-webcam	20260921-140843	Calliope.	Calliope.	0
beam5_comandi_temp0	2026-09-21-webcam	20260921-140848	Qual è la capitale della Francia?	Con un capitolo della Francia.	4
beam5_comandi_temp0	2026-09-21-webcam	20260921-140859	Qual è la capitale della Francia?	Qual è la capitale della Francia?	0
beam5_comandi_temp0	2026-09-21-webcam	20260921-140908	E quella della Spagna?	E quella della Spagna?	0
beam5_comandi_temp0	2026-09-21-webcam	20260921-140919	Oggi è proprio una bella giornata.	Oggi è proprio una bella giornata.	0
beam5_comandi_temp0	2026-09-21-webcam	20260921-140938	Puoi cambiare voce?	E poi cambiare voce.	2
beam5_comandi_temp0	2026-09-21-webcam	20260921-140954	Calliope, quanto dista la Luna dalla Terra?	Calliope, quanto dista la luna dalla terra?	0
beam5_comandi_temp0	2026-09-21-webcam	20260921-141005	Perché il cielo è azzurro?	Perché il cielo è azzurro?	0
beam5_comandi_temp0	2026-09-21-webcam	20260921-141022	Calliope, dimmi tre città della Toscana.	Calliope, dimmi tre città della Toscana.	0
beam5_comandi_temp0	2026-09-21-webcam	20260921-141033	Chi ha scritto I promessi sposi?	Chi è scritto dopo un'assistente vocale?	5
beam5_comandi_temp0	2026-09-21-webcam	20260921-141044	Chi ha scritto I promessi sposi?	Chi ha scritto I Promessi Sposi?	0
beam5_comandi_temp0	2026-09-21-webcam	20260921-141106	Calliope, ieri sera ho visto un documentario sulla storia dell'Impero romano e mi sono chiesto quanto tempo ci volesse per andare da Roma a Costantinopoli a cavallo.	Calliope, ieri sera ho visto un documentale sulla storia dell'impero romano e mi sono chiesto quanto tempo ci volesse per andare da Roma a Costantinopoli a cavallo.	1
beam5_comandi_temp0	2026-09-21-webcam	20260921-141124	Ricordati che il mio numero preferito è quarantasette.	Ricordati che il mio numero preferito è 47.	0
beam5_comandi_temp0	2026-09-21-webcam	20260921-141138	Ricordati che il mio numero preferito è quarantasette.	Calliope, ricordati che il mio numero preferito è 47.	1
beam5_comandi_temp0	2026-09-21-webcam	20260921-141208	Ricordati che il mio numero preferito è quarantasette.	Ricordati che il mio numero preferito è 47.	0
beam5_comandi_temp0	2026-09-21-webcam	20260921-141231	E sai dirmi qual è il mio numero preferito?	E sai dirmi qual è il mio nomolo preferito?	1
beam5_comandi_temp0	2026-09-21-webcam	20260921-141237	Calliope, esci.	Calliope, esci.	0
beam5_comandi_temp0	2026-09-21-webcam	20260921-141247	Calliope, esci.	Calliope, esci.	0
beam5_comandi_temp0	2026-09-21-webcam-mic-sempre-aperto	20260921-141602	Calliope.	Calliope.	0
beam5_comandi_temp0	2026-09-21-webcam-mic-sempre-aperto	20260921-141607	Qual è la capitale della Francia?	Qual è la capitale della Francia?	0
beam5_comandi_temp0	2026-09-21-webcam-mic-sempre-aperto	20260921-141614	E quella della Spagna?	E quella della Spagna?	0
beam5_comandi_temp0	2026-09-21-webcam-mic-sempre-aperto	20260921-141630	Oggi è proprio una bella giornata.	Oggi è proprio una bella giornata.	0
beam5_comandi_temp0	2026-09-21-webcam-mic-sempre-aperto	20260921-141637	Calliope, che ore sono?	Calliope, che ore sono?	0
beam5_comandi_temp0	2026-09-21-webcam-mic-sempre-aperto	20260921-141644	Puoi cambiare voce?	Vuoi cambiare voce?	1
beam5_comandi_temp0	2026-09-21-webcam-mic-sempre-aperto	20260921-141700	Calliope, quanto dista la Luna dalla Terra?	Calliope, quanto dista la luna dalla terra?	0
beam5_comandi_temp0	2026-09-21-webcam-mic-sempre-aperto	20260921-141711	Perché il cielo è azzurro?	Perché il cielo è azzurro.	0
beam5_comandi_temp0	2026-09-21-webcam-mic-sempre-aperto	20260921-141738	Calliope, dimmi tre città della Toscana.	Calliope, dimmi tre città della Toscana.	0
beam5_comandi_temp0	2026-09-21-webcam-mic-sempre-aperto	20260921-141751	Chi ha scritto I promessi sposi?	Che ha scritto i Promessi Sposi?	1
beam5_comandi_temp0	2026-09-21-webcam-mic-sempre-aperto	20260921-141807	Calliope, chi ha scritto I promessi sposi?	Calliope, chi ha scritto i promessi sposi?	0
beam5_comandi_temp0	2026-09-21-webcam-mic-sempre-aperto	20260921-141814	Calliope.	Calliope!	0
beam5_comandi_temp0	2026-09-21-webcam-mic-sempre-aperto	20260921-141822	Calliope.	Calliope.	0
beam5_comandi_temp0	2026-09-21-webcam-mic-sempre-aperto	20260921-141829	Calliope.	Calliope.	0
beam5_comandi_temp0	2026-09-21-webcam-mic-sempre-aperto	20260921-141844	Calliope, chi ha scritto I promessi sposi?	Calliope ti ha scritto i promessi sposi.	1
beam5_comandi_temp0	2026-09-21-webcam-mic-sempre-aperto-2	20260921-142147	Calliope.	Calliope.	0
beam5_comandi_temp0	2026-09-21-webcam-mic-sempre-aperto-2	20260921-142157	Calliope.	Calliope.	0
beam5_comandi_temp0	2026-09-21-webcam-mic-sempre-aperto-3	20260921-142714	Calliope.	Calliope.	0
beam5_comandi_temp0	2026-09-21-webcam-mic-sempre-aperto-3	20260921-142719	Qual è la capitale della Francia?	Qual è la capitale della Francia?	0
beam5_comandi_temp0	2026-09-21-webcam-mic-sempre-aperto-3	20260921-142726	E quella della Spagna?	Grazie a tutti.	4
beam5_comandi_temp0	2026-09-21-webcam-mic-sempre-aperto-3	20260921-142734	E la sua capitale?	E la sua capitale?	0
beam5_comandi_temp0	2026-09-21-webcam-mic-sempre-aperto-3	20260921-142752	Oggi è proprio una bella giornata.	Oggi è proprio una bella giornata.	0
beam5_comandi_temp0	2026-09-21-webcam-mic-sempre-aperto-3	20260921-142757	Calliope, che ore sono?	Calliope, che ore sono?	0
beam5_comandi_temp0	2026-09-21-webcam-mic-sempre-aperto-3	20260921-142806	Che ore sono?	Che ore sono?	0
beam5_comandi_temp0	2026-09-21-webcam-mic-sempre-aperto-3	20260921-142813	Puoi cambiare voce?	Vuoi cambiare voce?	1
beam5_comandi_temp0	2026-09-21-webcam-mic-sempre-aperto-3	20260921-142831	Calliope, quanto dista la Luna dalla Terra?	Cambio per Quanto dista la Luna dalla Terra?	2
beam5_comandi_temp0	2026-09-21-webcam-mic-sempre-aperto-3	20260921-142841	Calliope, quanto dista la Luna dalla Terra?	Calliope, quanto dista la luna dalla terra?	0
beam5_comandi_temp0	2026-09-21-webcam-mic-sempre-aperto-3	20260921-142851	Perché il cielo è azzurro?	Per quel ciò no è il suo?	6
beam5_comandi_temp0	2026-09-21-webcam-mic-sempre-aperto-3	20260921-142900	Perché il cielo è azzurro?	Perché il cielo è azzurro.	0
beam5_comandi_temp0	2026-09-21-webcam-mic-sempre-aperto-3	20260921-142922	Calliope, dimmi tre città della Toscana.	Calliope, dimmi tra città della Toscana.	1
beam5_comandi_temp0	2026-09-21-webcam-mic-sempre-aperto-3	20260921-142935	Chi ha scritto I promessi sposi?	Chi ha scritto i promessi sposi?	0
beam5_comandi_temp0	2026-09-21-webcam-mic-sempre-aperto-3	20260921-142958	Calliope, ieri sera ho visto un documentario sulla storia dell'Impero romano e mi sono chiesto quanto tempo ci volesse per andare da Roma a Costantinopoli a cavallo.	Calliope, ieri sera ho visto un documentario sulla storia dell'Impero Romano e mi sono chiesto quanto tempo ci volesse per andare da Roma a Costantinopoli a cavallo.	0
beam5_comandi_temp0	2026-09-21-webcam-mic-sempre-aperto-3	20260921-143018	Calliope, ieri sera ho visto un documentario sulla storia dell'Impero romano e mi sono chiesto quanto tempo ci volesse per andare da Roma a Costantinopoli a cavallo.	Calliope, ieri sier ho visto un documentario sulla storia dell'Impero Romano e mi sono chiesto quanto tempo ci volesse per andare da Roma a Costantinopoli a cavallo.	1
beam5_comandi_temp0	2026-09-21-webcam-mic-sempre-aperto-3	20260921-143032	Calliope.	Calliope.	0
beam5_comandi_temp0	2026-09-21-webcam-mic-sempre-aperto-3	20260921-143043	ieri sera ho visto un documentario sulla storia dell'Impero romano e mi sono chiesto quanto tempo ci volesse per andare da Roma a Costantinopoli a cavallo.	Ieri sera ho visto un documentario sulla storia dell'impero romano e mi sono chiesto quanto tempo ci volesse per andare da Roma a Costantinopoli a cavallo.	0
beam5_comandi_temp0	2026-09-21-webcam-mic-sempre-aperto-3	20260921-143058	Ricordati che il mio numero preferito è quarantasette.	Ricordati che il mio numero preferito è 47.	0
beam5_comandi_temp0	2026-09-21-webcam-mic-sempre-aperto-3	20260921-143106	Quindi, qual è il mio numero preferito?	Quindi, qual è il mio numero preferito?	0
beam5_comandi_temp0	2026-09-21-webcam-mic-sempre-aperto-3	20260921-143125	Calliope, senti, secondo te conviene prendere l'ombrello se il cielo è nuvoloso?	Calliope, senti, secondo te conviene prendere l'ombrello se il cielo è nuvoloso?	0
beam5_comandi_temp0	2026-09-21-webcam-mic-sempre-aperto-3	20260921-143135	Calliope, esci.	Calliope, esci.	0
beam5_comandi_temp0	2026-09-21-webcam-mic-sempre-aperto-3	20260921-143147	Calliope, esci.	Cambio per pesci.	3
beam5_comandi_temp0	2026-09-21-webcam-mic-sempre-aperto-3	20260921-143156	Calliope, esci.	Calliope, esci.	0
beam5_comandi_temp0	2026-09-24-v03	20260924-115341	Calliope.	Calliope.	0
beam5_comandi_temp0	2026-09-24-v03	20260924-115346	Qual è la capitale della Francia?	Qual è la capitale della Francia?	0
beam5_comandi_temp0	2026-09-24-v03	20260924-115357	E quella della Spagna?	Ecco il nostro spagnia.	4
beam5_comandi_temp0	2026-09-24-v03	20260924-115409	E quella della Spagna?	E quella della Spagna?	0
beam5_comandi_temp0	2026-09-24-v03	20260924-115435	Oggi è proprio una bella giornata.	Oggi è proprio una bella giornata.	0
beam5_comandi_temp0	2026-09-24-v03	20260924-115444	Calliope, che ore sono?	Calliope, che ore sono?	0
beam5_comandi_temp0	2026-09-24-v03	20260924-115453	Puoi cambiare voce?	Puoi cambiare la luce.	2
beam5_comandi_temp0	2026-09-24-v03	20260924-115503	Puoi cambiare voce?	Puoi cambiare voce?	0
beam5_comandi_temp0	2026-09-24-v03	20260924-115525	Calliope, quanto dista la Luna dalla Terra?	Calliope, quanto è vista la Luna dalla Terra?	2
beam5_comandi_temp0	2026-09-24-v03	20260924-115537	Perché il cielo è azzurro?	Per qu'è il c'è da un'è azzurra, però?	9
beam5_comandi_temp0	2026-09-24-v03	20260924-115545	Perché il cielo è azzurro?	Perché il cielo è azzurro?	0
beam5_comandi_temp0	2026-09-24-v03	20260924-115610	Calliope, dimmi tre città della Toscana.	Calliope, Dimitra, città della Toscana.	2
beam5_comandi_temp0	2026-09-24-v03	20260924-115625	Dimmi tre città della Toscana.	Dimmi tre città della Toscana.	0
beam5_comandi_temp0	2026-09-24-v03	20260924-115638	Chi ha scritto I promessi sposi?	Chi ha scritto i Promessi Sposi?	0
beam5_comandi_temp0	2026-09-24-v03	20260924-115709	Calliope, ieri sera ho visto un documentario sulla storia dell'Impero romano e mi sono chiesto quanto tempo ci volesse per andare da Roma a Costantinopoli a cavallo.	Calliope, ieri sera ho visto un documentario sulla storia dell'impero romano e mi sono chiesto quanto tempo ci volesse per andare da Roma a Costantinopoli a cavallo.	0
beam5_comandi_temp0	2026-09-24-v03	20260924-115728	Ricordati che il mio numero preferito è quarantasette.	Ricordati che il mio numero preferito è 47.	0
beam5_comandi_temp0	2026-09-24-v03	20260924-115739	Qual è il mio numero preferito?	Qual è il mio numero preferito?	0
beam5_comandi_temp0	2026-09-24-v03	20260924-115757	Calliope, senti, secondo te conviene prendere l'ombrello se il cielo è nuvoloso?	Calliope, senti, secondo te conviene prendere l'ombrello se il cielo è nuvoloso?	0
beam5_comandi_temp0	2026-09-24-v03	20260924-115821	Calliope, sai chi sono?	Calliope, sai chi sono?	0
beam5_comandi_temp0	2026-09-24-v03	20260924-115829	Che giorno è oggi?	Che giorno è oggi?	0
beam5_comandi_temp0	2026-09-24-v03	20260924-115838	Che voci hai?	Che voce hai?	1
beam5_comandi_temp0	2026-09-24-v03	20260924-115856	Calliope, usa la voce di Paola.	Calliope, usa la voce di Paola.	0
beam5_comandi_temp0	2026-09-24-v03	20260924-115906	Calliope, usa la voce di Paola.	Calliope, usa la voce di Paola.	0
beam5_comandi_temp0	2026-09-24-v03	20260924-115916	Calliope, usa la voce di Paola.	Calliope usa la voce di Paola.	0
beam5_comandi_temp0	2026-09-24-v03	20260924-115927	Calliope.	Calliope?	0
beam5_comandi_temp0	2026-09-24-v03	20260924-120308	Calliope, raccontami una curiosità sul mare.	Calliope, raccontami una curiosità sul mare.	0
beam5_comandi_temp0	2026-09-24-v03	20260924-120325	Torna alla voce di Serena.	Torna alla voce di Serena.	0
beam5_comandi_temp0	2026-09-24-v03	20260924-120345	Calliope, chiamami Dario Lipari.	Calliope, chiamami, darei ulipari.	2
beam5_comandi_temp0	2026-09-24-v03	20260924-120354	Chiamami Dario.	Chiamano Dario.	1
beam5_comandi_temp0	2026-09-24-v03	20260924-120404	Calliope, esci.	Calliope, esci.	0
beam5_comandi_temp0	2026-09-24-v03	20260924-120412	Esci.	Esci.	0
beam5_comandi_temp0	2026-09-24-v03b	20260924-122037	Calliope.	Calliope.	0
beam5_comandi_temp0	2026-09-24-v03b	20260924-122043	Qual è la capitale della Francia?	Qual è la capitale della Francia?	0
beam5_comandi_temp0	2026-09-24-v03b	20260924-122052	Qual è la capitale della Francia?	Qual è la capitale della Francia?	0
beam5_comandi_temp0	2026-09-24-v03b	20260924-122057	E quella della Spagna?	Per quella donna spagnale.	3
beam5_comandi_temp0	2026-09-24-v03b	20260924-122103	E quella della Spagna?	Quelle della Spagna?	2
beam5_comandi_temp0	2026-09-24-v03b	20260924-122110	Quanto dista la Luna dalla Terra?	Quanto distaura la luna della terra?	2
beam5_comandi_temp0	2026-09-24-v03b	20260924-122122	Ricordati che il mio numero preferito è quarantasette.	Ricordati che il mio numero preferito è 47.	0
beam5_comandi_temp0	2026-09-24-v03b	20260924-122130	Qual è il mio numero preferito?	Qual è il mio numero preferito?	0
beam5_comandi_temp0	2026-09-24-v03b	20260924-122143	Sai chi sono?	Fai chi sono?	1
beam5_comandi_temp0	2026-09-24-v03b	20260924-122149	Usa la voce di Paola.	Usa la voce di Paola.	0
beam5_comandi_temp0	2026-09-24-v03b	20260924-122155	Torna alla voce di Serena.	Torna la voce di Serena.	1
beam5_comandi_temp0	2026-09-24-v03b	20260924-122202	Chiamami Dario.	Chiamami Dario.	0
beam5_comandi_temp0	2026-09-24-v03b	20260924-122208	Calliope.	Calliope.	0
beam5_comandi_temp0	2026-09-24-v03b	20260924-122213	Calliope, esci.	Addio pesci!	2
large-v3	2026-09-21-webcam	20260921-140843	Calliope.	Calliope	0
large-v3	2026-09-21-webcam	20260921-140848	Qual è la capitale della Francia?	con la capitale della Francia.	2
large-v3	2026-09-21-webcam	20260921-140859	Qual è la capitale della Francia?	Qual è la capitale della Francia?	0
large-v3	2026-09-21-webcam	20260921-140908	E quella della Spagna?	E quella della Spagna?	0
large-v3	2026-09-21-webcam	20260921-140919	Oggi è proprio una bella giornata.	Oggi è proprio una bella giornata.	0
large-v3	2026-09-21-webcam	20260921-140938	Puoi cambiare voce?	E poi cambiare voce.	2
large-v3	2026-09-21-webcam	20260921-140954	Calliope, quanto dista la Luna dalla Terra?	Calliope, quanto n'è stata la luna dalla Terra?	3
large-v3	2026-09-21-webcam	20260921-141005	Perché il cielo è azzurro?	Perché il cielo è azzurro?	0
large-v3	2026-09-21-webcam	20260921-141022	Calliope, dimmi tre città della Toscana.	Calliope, dimmi tre città della Toscana.	0
large-v3	2026-09-21-webcam	20260921-141033	Chi ha scritto I promessi sposi?	Chi è scritto per me si sposi.	4
large-v3	2026-09-21-webcam	20260921-141044	Chi ha scritto I promessi sposi?	Chi ha scritto I promessi sposi?	0
large-v3	2026-09-21-webcam	20260921-141106	Calliope, ieri sera ho visto un documentario sulla storia dell'Impero romano e mi sono chiesto quanto tempo ci volesse per andare da Roma a Costantinopoli a cavallo.	Calliope, ieri sera ho visto un documentario sulla storia dell'impero romano e mi sono chiesto quanto tempo ci volesse per andare da Roma a Costantinopoli a cavallo.	0
large-v3	2026-09-21-webcam	20260921-141124	Ricordati che il mio numero preferito è quarantasette.	Ricordati che il mio numero preferito è 47.	0
large-v3	2026-09-21-webcam	20260921-141138	Ricordati che il mio numero preferito è quarantasette.	Calliope, ricordati che il mio numero preferito è 47.	1
large-v3	2026-09-21-webcam	20260921-141208	Ricordati che il mio numero preferito è quarantasette.	Ricordati che il mio numero preferito è 47.	0
large-v3	2026-09-21-webcam	20260921-141231	E sai dirmi qual è il mio numero preferito?	E sai dirmi qual è il mio nome preferito?	1
large-v3	2026-09-21-webcam	20260921-141237	Calliope, esci.	Calliope esce.	1
large-v3	2026-09-21-webcam	20260921-141247	Calliope, esci.	Calliope, esci!	0
large-v3	2026-09-21-webcam-mic-sempre-aperto	20260921-141602	Calliope.	Calliope.	0
large-v3	2026-09-21-webcam-mic-sempre-aperto	20260921-141607	Qual è la capitale della Francia?	Qual è la capitale della Francia?	0
large-v3	2026-09-21-webcam-mic-sempre-aperto	20260921-141614	E quella della Spagna?	E quella della Spagna?	0
large-v3	2026-09-21-webcam-mic-sempre-aperto	20260921-141630	Oggi è proprio una bella giornata.	Oggi è proprio una bella giornata.	0
large-v3	2026-09-21-webcam-mic-sempre-aperto	20260921-141637	Calliope, che ore sono?	Calliope, che ore sono?	0
large-v3	2026-09-21-webcam-mic-sempre-aperto	20260921-141644	Puoi cambiare voce?	Vuoi cambiare voce?	1
large-v3	2026-09-21-webcam-mic-sempre-aperto	20260921-141700	Calliope, quanto dista la Luna dalla Terra?	Calliope, quanto ti sta la luna dalla terra?	2
large-v3	2026-09-21-webcam-mic-sempre-aperto	20260921-141711	Perché il cielo è azzurro?	Perché il cielo è azzurro.	0
large-v3	2026-09-21-webcam-mic-sempre-aperto	20260921-141738	Calliope, dimmi tre città della Toscana.	Calliope, dimmi tre città della Toscana.	0
large-v3	2026-09-21-webcam-mic-sempre-aperto	20260921-141751	Chi ha scritto I promessi sposi?	Che ha scritto I Promessi Sposi.	1
large-v3	2026-09-21-webcam-mic-sempre-aperto	20260921-141807	Calliope, chi ha scritto I promessi sposi?	Calliope, chi ha scritto i promessi sposi?	0
large-v3	2026-09-21-webcam-mic-sempre-aperto	20260921-141814	Calliope.	Calliope	0
large-v3	2026-09-21-webcam-mic-sempre-aperto	20260921-141822	Calliope.	Calliope	0
large-v3	2026-09-21-webcam-mic-sempre-aperto	20260921-141829	Calliope.	Calliope?	0
large-v3	2026-09-21-webcam-mic-sempre-aperto	20260921-141844	Calliope, chi ha scritto I promessi sposi?	Calliope ti ha scritto i promessi sposi.	1
large-v3	2026-09-21-webcam-mic-sempre-aperto-2	20260921-142147	Calliope.	Calliope	0
large-v3	2026-09-21-webcam-mic-sempre-aperto-2	20260921-142157	Calliope.	Calliope.	0
large-v3	2026-09-21-webcam-mic-sempre-aperto-3	20260921-142714	Calliope.	Calliope.	0
large-v3	2026-09-21-webcam-mic-sempre-aperto-3	20260921-142719	Qual è la capitale della Francia?	Quella è la capitale della Francia.	1
large-v3	2026-09-21-webcam-mic-sempre-aperto-3	20260921-142726	E quella della Spagna?	Quella della Spagna.	1
large-v3	2026-09-21-webcam-mic-sempre-aperto-3	20260921-142734	E la sua capitale?	Era sua capitale.	2
large-v3	2026-09-21-webcam-mic-sempre-aperto-3	20260921-142752	Oggi è proprio una bella giornata.	Oggi è proprio una bella giornata.	0
large-v3	2026-09-21-webcam-mic-sempre-aperto-3	20260921-142757	Calliope, che ore sono?	Calliope, chi ore sono?	1
large-v3	2026-09-21-webcam-mic-sempre-aperto-3	20260921-142806	Che ore sono?	Che ore sono?	0
large-v3	2026-09-21-webcam-mic-sempre-aperto-3	20260921-142813	Puoi cambiare voce?	Vuoi cambiare voce?	1
large-v3	2026-09-21-webcam-mic-sempre-aperto-3	20260921-142831	Calliope, quanto dista la Luna dalla Terra?	Calliope, quanto dista la Luna dalla Terra?	0
large-v3	2026-09-21-webcam-mic-sempre-aperto-3	20260921-142841	Calliope, quanto dista la Luna dalla Terra?	Calliope, quanto dista la luna dalla terra?	0
large-v3	2026-09-21-webcam-mic-sempre-aperto-3	20260921-142851	Perché il cielo è azzurro?	Per quel genoio è al suo troppo.	6
large-v3	2026-09-21-webcam-mic-sempre-aperto-3	20260921-142900	Perché il cielo è azzurro?	Perché il cielo è azzurro.	0
large-v3	2026-09-21-webcam-mic-sempre-aperto-3	20260921-142922	Calliope, dimmi tre città della Toscana.	Calliope, dimmi tra città della Toscana.	1
large-v3	2026-09-21-webcam-mic-sempre-aperto-3	20260921-142935	Chi ha scritto I promessi sposi?	Chi ha scritto i promessi sposi?	0
large-v3	2026-09-21-webcam-mic-sempre-aperto-3	20260921-142958	Calliope, ieri sera ho visto un documentario sulla storia dell'Impero romano e mi sono chiesto quanto tempo ci volesse per andare da Roma a Costantinopoli a cavallo.	Calliope, ieri sera ho visto un documentario sulla storia dell'impero romano e mi sono chiesto quanto tempo ci volesse per andare da Roma a Costantinopoli a cavallo.	0
large-v3	2026-09-21-webcam-mic-sempre-aperto-3	20260921-143018	Calliope, ieri sera ho visto un documentario sulla storia dell'Impero romano e mi sono chiesto quanto tempo ci volesse per andare da Roma a Costantinopoli a cavallo.	Calliope, ieri si era visto un documentario sulla storia dell'impero romano e mi sono chiesto quanto tempo ci volesse per andare da Roma a Costantinopoli a cavallo.	2
large-v3	2026-09-21-webcam-mic-sempre-aperto-3	20260921-143032	Calliope.	Calliope	0
large-v3	2026-09-21-webcam-mic-sempre-aperto-3	20260921-143043	ieri sera ho visto un documentario sulla storia dell'Impero romano e mi sono chiesto quanto tempo ci volesse per andare da Roma a Costantinopoli a cavallo.	Ieri sera ho visto un documentario sulla storia dell'impero romano e mi sono chiesto quanto tempo ci volesse per andare da Roma a Costantinopoli a cavallo.	0
large-v3	2026-09-21-webcam-mic-sempre-aperto-3	20260921-143058	Ricordati che il mio numero preferito è quarantasette.	Ricordati che il mio numero preferito è 47.	0
large-v3	2026-09-21-webcam-mic-sempre-aperto-3	20260921-143106	Quindi, qual è il mio numero preferito?	Quindi qual è il numero preferito?	1
large-v3	2026-09-21-webcam-mic-sempre-aperto-3	20260921-143125	Calliope, senti, secondo te conviene prendere l'ombrello se il cielo è nuvoloso?	Calliope, senti, secondo te conviene prendere l'ombrello se il cielo è nuvoloso?	0
large-v3	2026-09-21-webcam-mic-sempre-aperto-3	20260921-143135	Calliope, esci.	Calliope è uscito.	2
large-v3	2026-09-21-webcam-mic-sempre-aperto-3	20260921-143147	Calliope, esci.	Calliope esci.	0
large-v3	2026-09-21-webcam-mic-sempre-aperto-3	20260921-143156	Calliope, esci.	Calliope esci!	0
large-v3	2026-09-24-v03	20260924-115341	Calliope.	Calliope	0
large-v3	2026-09-24-v03	20260924-115346	Qual è la capitale della Francia?	Qual è la capitale della Francia?	0
large-v3	2026-09-24-v03	20260924-115357	E quella della Spagna?	E quello lo spagnol...	3
large-v3	2026-09-24-v03	20260924-115409	E quella della Spagna?	E quella della Spagna?	0
large-v3	2026-09-24-v03	20260924-115435	Oggi è proprio una bella giornata.	Oggi è proprio una bella giornata.	0
large-v3	2026-09-24-v03	20260924-115444	Calliope, che ore sono?	Calliope, che ore sono?	0
large-v3	2026-09-24-v03	20260924-115453	Puoi cambiare voce?	Puoi cambiare luce.	1
large-v3	2026-09-24-v03	20260924-115503	Puoi cambiare voce?	Puoi cambiare voce?	0
large-v3	2026-09-24-v03	20260924-115525	Calliope, quanto dista la Luna dalla Terra?	Calliope, quando nista la luna dalla terra?	2
large-v3	2026-09-24-v03	20260924-115537	Perché il cielo è azzurro?	Perché il cielo è azzurro?	0
large-v3	2026-09-24-v03	20260924-115545	Perché il cielo è azzurro?	Perché il cielo è azzurro?	0
large-v3	2026-09-24-v03	20260924-115610	Calliope, dimmi tre città della Toscana.	Calliope, dimmi tra città della Toscana.	1
large-v3	2026-09-24-v03	20260924-115625	Dimmi tre città della Toscana.	Dimmi tre città della Toscana.	0
large-v3	2026-09-24-v03	20260924-115638	Chi ha scritto I promessi sposi?	Chi ha scritto i promessi sposi?	0
large-v3	2026-09-24-v03	20260924-115709	Calliope, ieri sera ho visto un documentario sulla storia dell'Impero romano e mi sono chiesto quanto tempo ci volesse per andare da Roma a Costantinopoli a cavallo.	Calliope, ieri sera ho visto un documentario sulla storia dell'impero romano e mi sono chiesto quanto tempo ci volesse per andare da Roma a Costantinopoli a cavallo.	0
large-v3	2026-09-24-v03	20260924-115728	Ricordati che il mio numero preferito è quarantasette.	Ricordati che il mio numero preferito è 47.	0
large-v3	2026-09-24-v03	20260924-115739	Qual è il mio numero preferito?	Qual è il mio numero preferito?	0
large-v3	2026-09-24-v03	20260924-115757	Calliope, senti, secondo te conviene prendere l'ombrello se il cielo è nuvoloso?	Calliope, senti, secondo te conviene prendere l'ombrello se il cielo è nuvoloso?	0
large-v3	2026-09-24-v03	20260924-115821	Calliope, sai chi sono?	Calliope, sai chi sono?	0
large-v3	2026-09-24-v03	20260924-115829	Che giorno è oggi?	Che giorn'è oggi?	1
large-v3	2026-09-24-v03	20260924-115838	Che voci hai?	Che buon c'è ari?	4
large-v3	2026-09-24-v03	20260924-115856	Calliope, usa la voce di Paola.	Calliope, usa la noce di Paola.	1
large-v3	2026-09-24-v03	20260924-115906	Calliope, usa la voce di Paola.	Calliope usa la voce di Paola.	0
large-v3	2026-09-24-v03	20260924-115916	Calliope, usa la voce di Paola.	Calliope usa la voce di Paola.	0
large-v3	2026-09-24-v03	20260924-115927	Calliope.	Calliope?	0
large-v3	2026-09-24-v03	20260924-120308	Calliope, raccontami una curiosità sul mare.	Calliope, raccontami una curiosità sul mare.	0
large-v3	2026-09-24-v03	20260924-120325	Torna alla voce di Serena.	Tomma alla voce di Serena.	1
large-v3	2026-09-24-v03	20260924-120345	Calliope, chiamami Dario Lipari.	Calliope, chiamami Dario Lipani.	1
large-v3	2026-09-24-v03	20260924-120354	Chiamami Dario.	Janami Dario	1
large-v3	2026-09-24-v03	20260924-120404	Calliope, esci.	Calliope è sci.	2
large-v3	2026-09-24-v03	20260924-120412	Esci.	Esci!	0
large-v3	2026-09-24-v03b	20260924-122037	Calliope.	Calliope	0
large-v3	2026-09-24-v03b	20260924-122043	Qual è la capitale della Francia?	Quella che capita nella Francia.	5
large-v3	2026-09-24-v03b	20260924-122052	Qual è la capitale della Francia?	Qual è il capitale della Francia?	1
large-v3	2026-09-24-v03b	20260924-122057	E quella della Spagna?	Ricorda la Spagna.	3
large-v3	2026-09-24-v03b	20260924-122103	E quella della Spagna?	Quello della Spagna.	2
large-v3	2026-09-24-v03b	20260924-122110	Quanto dista la Luna dalla Terra?	Quanto dista la laguna della terra?	2
large-v3	2026-09-24-v03b	20260924-122122	Ricordati che il mio numero preferito è quarantasette.	Ricordati che il mio numero preferito è 47.	0
large-v3	2026-09-24-v03b	20260924-122130	Qual è il mio numero preferito?	Buona del mio numero preferito.	3
large-v3	2026-09-24-v03b	20260924-122143	Sai chi sono?	Fai chi sono.	1
large-v3	2026-09-24-v03b	20260924-122149	Usa la voce di Paola.	Usiamoci di Paola.	3
large-v3	2026-09-24-v03b	20260924-122155	Torna alla voce di Serena.	Torna alla voce di Serena.	0
large-v3	2026-09-24-v03b	20260924-122202	Chiamami Dario.	Chiamami Dario.	0
large-v3	2026-09-24-v03b	20260924-122208	Calliope.	Calliope	0
large-v3	2026-09-24-v03b	20260924-122213	Calliope, esci.	Calliope esci.	0
large-v3_beam5	2026-09-21-webcam	20260921-140843	Calliope.	Calliope	0
large-v3_beam5	2026-09-21-webcam	20260921-140848	Qual è la capitale della Francia?	con la capitale della Francia.	2
large-v3_beam5	2026-09-21-webcam	20260921-140859	Qual è la capitale della Francia?	Qual è la capitale della Francia?	0
large-v3_beam5	2026-09-21-webcam	20260921-140908	E quella della Spagna?	E quella della Spagna?	0
large-v3_beam5	2026-09-21-webcam	20260921-140919	Oggi è proprio una bella giornata.	Oggi è proprio una bella giornata.	0
large-v3_beam5	2026-09-21-webcam	20260921-140938	Puoi cambiare voce?	E poi cambiare voce.	2
large-v3_beam5	2026-09-21-webcam	20260921-140954	Calliope, quanto dista la Luna dalla Terra?	Calliope, quando n'è stata la luna dalla Terra?	4
large-v3_beam5	2026-09-21-webcam	20260921-141005	Perché il cielo è azzurro?	Perché il cielo è azzurro?	0
large-v3_beam5	2026-09-21-webcam	20260921-141022	Calliope, dimmi tre città della Toscana.	Calliope, dimmi tre città della Toscana.	0
large-v3_beam5	2026-09-21-webcam	20260921-141033	Chi ha scritto I promessi sposi?	Chi ha scritto questa sposa?	3
large-v3_beam5	2026-09-21-webcam	20260921-141044	Chi ha scritto I promessi sposi?	Chi ha scritto I promessi sposi?	0
large-v3_beam5	2026-09-21-webcam	20260921-141106	Calliope, ieri sera ho visto un documentario sulla storia dell'Impero romano e mi sono chiesto quanto tempo ci volesse per andare da Roma a Costantinopoli a cavallo.	Calliope, ieri sera ho visto un documentario sulla storia dell'impero romano e mi sono chiesto quanto tempo ci volesse per andare da Roma a Costantinopoli a cavallo.	0
large-v3_beam5	2026-09-21-webcam	20260921-141124	Ricordati che il mio numero preferito è quarantasette.	Ricordati che il mio numero preferito è 47.	0
large-v3_beam5	2026-09-21-webcam	20260921-141138	Ricordati che il mio numero preferito è quarantasette.	Calliope, ricordati che il mio numero preferito è 47.	1
large-v3_beam5	2026-09-21-webcam	20260921-141208	Ricordati che il mio numero preferito è quarantasette.	Ricordati che il mio numero preferito è 47.	0
large-v3_beam5	2026-09-21-webcam	20260921-141231	E sai dirmi qual è il mio numero preferito?	E sai dirmi qual è il mio numero preferito?	0
large-v3_beam5	2026-09-21-webcam	20260921-141237	Calliope, esci.	Calliope esce.	1
large-v3_beam5	2026-09-21-webcam	20260921-141247	Calliope, esci.	Calliope, esci!	0
large-v3_beam5	2026-09-21-webcam-mic-sempre-aperto	20260921-141602	Calliope.	Calliope.	0
large-v3_beam5	2026-09-21-webcam-mic-sempre-aperto	20260921-141607	Qual è la capitale della Francia?	Qual è la capitale della Francia?	0
large-v3_beam5	2026-09-21-webcam-mic-sempre-aperto	20260921-141614	E quella della Spagna?	E quella della Spagna?	0
large-v3_beam5	2026-09-21-webcam-mic-sempre-aperto	20260921-141630	Oggi è proprio una bella giornata.	Oggi è proprio una bella giornata.	0
large-v3_beam5	2026-09-21-webcam-mic-sempre-aperto	20260921-141637	Calliope, che ore sono?	Calliope, che ore sono?	0
large-v3_beam5	2026-09-21-webcam-mic-sempre-aperto	20260921-141644	Puoi cambiare voce?	Vuoi cambiare voce?	1
large-v3_beam5	2026-09-21-webcam-mic-sempre-aperto	20260921-141700	Calliope, quanto dista la Luna dalla Terra?	Calliope, quanto ti sta la luna dalla terra?	2
large-v3_beam5	2026-09-21-webcam-mic-sempre-aperto	20260921-141711	Perché il cielo è azzurro?	Perché il cielo è azzurro.	0
large-v3_beam5	2026-09-21-webcam-mic-sempre-aperto	20260921-141738	Calliope, dimmi tre città della Toscana.	Calliope, dimmi tre città della Toscana.	0
large-v3_beam5	2026-09-21-webcam-mic-sempre-aperto	20260921-141751	Chi ha scritto I promessi sposi?	Che ha scritto I Promessi Sposi.	1
large-v3_beam5	2026-09-21-webcam-mic-sempre-aperto	20260921-141807	Calliope, chi ha scritto I promessi sposi?	Calliope, chi ha scritto i promessi sposi?	0
large-v3_beam5	2026-09-21-webcam-mic-sempre-aperto	20260921-141814	Calliope.	Calliope	0
large-v3_beam5	2026-09-21-webcam-mic-sempre-aperto	20260921-141822	Calliope.	Calliope	0
large-v3_beam5	2026-09-21-webcam-mic-sempre-aperto	20260921-141829	Calliope.	Calliope?	0
large-v3_beam5	2026-09-21-webcam-mic-sempre-aperto	20260921-141844	Calliope, chi ha scritto I promessi sposi?	Calliope ti ha scritto i promessi sposi.	1
large-v3_beam5	2026-09-21-webcam-mic-sempre-aperto-2	20260921-142147	Calliope.	Calliope	0
large-v3_beam5	2026-09-21-webcam-mic-sempre-aperto-2	20260921-142157	Calliope.	Calliope.	0
large-v3_beam5	2026-09-21-webcam-mic-sempre-aperto-3	20260921-142714	Calliope.	Calliope	0
large-v3_beam5	2026-09-21-webcam-mic-sempre-aperto-3	20260921-142719	Qual è la capitale della Francia?	Quella è la capitale della Francia.	1
large-v3_beam5	2026-09-21-webcam-mic-sempre-aperto-3	20260921-142726	E quella della Spagna?	Quella della Spagna.	1
large-v3_beam5	2026-09-21-webcam-mic-sempre-aperto-3	20260921-142734	E la sua capitale?	Era sua capitale.	2
large-v3_beam5	2026-09-21-webcam-mic-sempre-aperto-3	20260921-142752	Oggi è proprio una bella giornata.	Oggi è proprio una bella giornata.	0
large-v3_beam5	2026-09-21-webcam-mic-sempre-aperto-3	20260921-142757	Calliope, che ore sono?	Calliope, che ore sono?	0
large-v3_beam5	2026-09-21-webcam-mic-sempre-aperto-3	20260921-142806	Che ore sono?	Che ore sono?	0
large-v3_beam5	2026-09-21-webcam-mic-sempre-aperto-3	20260921-142813	Puoi cambiare voce?	Vuoi cambiare voce?	1
large-v3_beam5	2026-09-21-webcam-mic-sempre-aperto-3	20260921-142831	Calliope, quanto dista la Luna dalla Terra?	Calliope, quanto dista la Luna dalla Terra?	0
large-v3_beam5	2026-09-21-webcam-mic-sempre-aperto-3	20260921-142841	Calliope, quanto dista la Luna dalla Terra?	Calliope, quanto dista la luna dalla terra?	0
large-v3_beam5	2026-09-21-webcam-mic-sempre-aperto-3	20260921-142851	Perché il cielo è azzurro?	Perché il cielo è al sud?	2
large-v3_beam5	2026-09-21-webcam-mic-sempre-aperto-3	20260921-142900	Perché il cielo è azzurro?	Perché il cielo è azzurro.	0
large-v3_beam5	2026-09-21-webcam-mic-sempre-aperto-3	20260921-142922	Calliope, dimmi tre città della Toscana.	Calliope, dimmi tra città della Toscana.	1
large-v3_beam5	2026-09-21-webcam-mic-sempre-aperto-3	20260921-142935	Chi ha scritto I promessi sposi?	Chi ha scritto i promessi sposi?	0
large-v3_beam5	2026-09-21-webcam-mic-sempre-aperto-3	20260921-142958	Calliope, ieri sera ho visto un documentario sulla storia dell'Impero romano e mi sono chiesto quanto tempo ci volesse per andare da Roma a Costantinopoli a cavallo.	Calliope, ieri sera ho visto un documentario sulla storia dell'impero romano e mi sono chiesto quanto tempo ci volesse per andare da Roma a Costantinopoli a cavallo.	0
large-v3_beam5	2026-09-21-webcam-mic-sempre-aperto-3	20260921-143018	Calliope, ieri sera ho visto un documentario sulla storia dell'Impero romano e mi sono chiesto quanto tempo ci volesse per andare da Roma a Costantinopoli a cavallo.	Calliope, ieri si era visto un documentario sulla storia dell'impero romano e mi sono chiesto quanto tempo ci volesse per andare da Roma a Costantinopoli a cavallo.	2
large-v3_beam5	2026-09-21-webcam-mic-sempre-aperto-3	20260921-143032	Calliope.	Calliope	0
large-v3_beam5	2026-09-21-webcam-mic-sempre-aperto-3	20260921-143043	ieri sera ho visto un documentario sulla storia dell'Impero romano e mi sono chiesto quanto tempo ci volesse per andare da Roma a Costantinopoli a cavallo.	Ieri sera ho visto un documentario sulla storia dell'impero romano e mi sono chiesto quanto tempo ci volesse per andare da Roma a Costantinopoli a cavallo.	0
large-v3_beam5	2026-09-21-webcam-mic-sempre-aperto-3	20260921-143058	Ricordati che il mio numero preferito è quarantasette.	Ricordati che il mio numero preferito è 47.	0
large-v3_beam5	2026-09-21-webcam-mic-sempre-aperto-3	20260921-143106	Quindi, qual è il mio numero preferito?	Quindi qual è il numero preferito?	1
large-v3_beam5	2026-09-21-webcam-mic-sempre-aperto-3	20260921-143125	Calliope, senti, secondo te conviene prendere l'ombrello se il cielo è nuvoloso?	Calliope, senti, secondo te conviene prendere l'ombrello se il cielo è nuvoloso?	0
large-v3_beam5	2026-09-21-webcam-mic-sempre-aperto-3	20260921-143135	Calliope, esci.	Calliope è uscito.	2
large-v3_beam5	2026-09-21-webcam-mic-sempre-aperto-3	20260921-143147	Calliope, esci.	Calliope esci.	0
large-v3_beam5	2026-09-21-webcam-mic-sempre-aperto-3	20260921-143156	Calliope, esci.	Calliope esci!	0
large-v3_beam5	2026-09-24-v03	20260924-115341	Calliope.	Calliope	0
large-v3_beam5	2026-09-24-v03	20260924-115346	Qual è la capitale della Francia?	Qual è la capitale della Francia?	0
large-v3_beam5	2026-09-24-v03	20260924-115357	E quella della Spagna?	Ecco, è rospagnat.	4
large-v3_beam5	2026-09-24-v03	20260924-115409	E quella della Spagna?	E quella della Spagna?	0
large-v3_beam5	2026-09-24-v03	20260924-115435	Oggi è proprio una bella giornata.	Oggi è proprio una bella giornata.	0
large-v3_beam5	2026-09-24-v03	20260924-115444	Calliope, che ore sono?	Calliope, che ore sono?	0
large-v3_beam5	2026-09-24-v03	20260924-115453	Puoi cambiare voce?	Puoi cambiare luce.	1
large-v3_beam5	2026-09-24-v03	20260924-115503	Puoi cambiare voce?	Puoi cambiare voce?	0
large-v3_beam5	2026-09-24-v03	20260924-115525	Calliope, quanto dista la Luna dalla Terra?	Calliope, quanto dista la Luna dalla Terra?	0
large-v3_beam5	2026-09-24-v03	20260924-115537	Perché il cielo è azzurro?	Perché il cielo è azzurro?	0
large-v3_beam5	2026-09-24-v03	20260924-115545	Perché il cielo è azzurro?	Perché il cielo è azzurro?	0
large-v3_beam5	2026-09-24-v03	20260924-115610	Calliope, dimmi tre città della Toscana.	Calliope, dimmi tra città della Toscana.	1
large-v3_beam5	2026-09-24-v03	20260924-115625	Dimmi tre città della Toscana.	Dimmi tre città della Toscana.	0
large-v3_beam5	2026-09-24-v03	20260924-115638	Chi ha scritto I promessi sposi?	Chi ha scritto i promessi sposi?	0
large-v3_beam5	2026-09-24-v03	20260924-115709	Calliope, ieri sera ho visto un documentario sulla storia dell'Impero romano e mi sono chiesto quanto tempo ci volesse per andare da Roma a Costantinopoli a cavallo.	Calliope, ieri sera ho visto un documentario sulla storia dell'impero romano e mi sono chiesto quanto tempo ci volesse per andare da Roma a Costantinopoli a cavallo.	0
large-v3_beam5	2026-09-24-v03	20260924-115728	Ricordati che il mio numero preferito è quarantasette.	Ricordati che il mio numero preferito è 47.	0
large-v3_beam5	2026-09-24-v03	20260924-115739	Qual è il mio numero preferito?	Qual è il mio numero preferito?	0
large-v3_beam5	2026-09-24-v03	20260924-115757	Calliope, senti, secondo te conviene prendere l'ombrello se il cielo è nuvoloso?	Calliope, senti, secondo te conviene prendere l'ombrello se il cielo è nuvoloso?	0
large-v3_beam5	2026-09-24-v03	20260924-115821	Calliope, sai chi sono?	Calliope, sai chi sono?	0
large-v3_beam5	2026-09-24-v03	20260924-115829	Che giorno è oggi?	Che giorn'è oggi?	1
large-v3_beam5	2026-09-24-v03	20260924-115838	Che voci hai?	Che voce hai?	1
large-v3_beam5	2026-09-24-v03	20260924-115856	Calliope, usa la voce di Paola.	Calliope, usa la noce di Paola.	1
large-v3_beam5	2026-09-24-v03	20260924-115906	Calliope, usa la voce di Paola.	Calliope, usa la voce di Paola.	0
large-v3_beam5	2026-09-24-v03	20260924-115916	Calliope, usa la voce di Paola.	Calliope usa la voce di Paola.	0
large-v3_beam5	2026-09-24-v03	20260924-115927	Calliope.	Calliope?	0
large-v3_beam5	2026-09-24-v03	20260924-120308	Calliope, raccontami una curiosità sul mare.	Calliope, raccontami una curiosità sul mare.	0
large-v3_beam5	2026-09-24-v03	20260924-120325	Torna alla voce di Serena.	Torna alla voce di Serena.	0
large-v3_beam5	2026-09-24-v03	20260924-120345	Calliope, chiamami Dario Lipari.	Calliope, chiamami Dario Lipani.	1
large-v3_beam5	2026-09-24-v03	20260924-120354	Chiamami Dario.	Chiamami Dario.	0
large-v3_beam5	2026-09-24-v03	20260924-120404	Calliope, esci.	Calliope, esci.	0
large-v3_beam5	2026-09-24-v03	20260924-120412	Esci.	Allora, tocca. Esci!	2
large-v3_beam5	2026-09-24-v03b	20260924-122037	Calliope.	Calliope	0
large-v3_beam5	2026-09-24-v03b	20260924-122043	Qual è la capitale della Francia?	Quella che è capitata nella Francia.	5
large-v3_beam5	2026-09-24-v03b	20260924-122052	Qual è la capitale della Francia?	Qual è il capitale della Francia?	1
large-v3_beam5	2026-09-24-v03b	20260924-122057	E quella della Spagna?	Ricorda la Spagna.	3
large-v3_beam5	2026-09-24-v03b	20260924-122103	E quella della Spagna?	Quello della Spagna.	2
large-v3_beam5	2026-09-24-v03b	20260924-122110	Quanto dista la Luna dalla Terra?	Quanto dista la laguna della terra?	2
large-v3_beam5	2026-09-24-v03b	20260924-122122	Ricordati che il mio numero preferito è quarantasette.	Ricordati che il mio numero preferito è 47.	0
large-v3_beam5	2026-09-24-v03b	20260924-122130	Qual è il mio numero preferito?	Buona del mio numero preferito.	3
large-v3_beam5	2026-09-24-v03b	20260924-122143	Sai chi sono?	Fai chi sono.	1
large-v3_beam5	2026-09-24-v03b	20260924-122149	Usa la voce di Paola.	Usa la voce di Paola.	0
large-v3_beam5	2026-09-24-v03b	20260924-122155	Torna alla voce di Serena.	Torna alla voce di Serena.	0
large-v3_beam5	2026-09-24-v03b	20260924-122202	Chiamami Dario.	Chiamami Dario.	0
large-v3_beam5	2026-09-24-v03b	20260924-122208	Calliope.	Calliope	0
large-v3_beam5	2026-09-24-v03b	20260924-122213	Calliope, esci.	Dio che esci!	2
large-v3_comandi	2026-09-21-webcam	20260921-140843	Calliope.	Calliope.	0
large-v3_comandi	2026-09-21-webcam	20260921-140848	Qual è la capitale della Francia?	Con la Capitola della Francia.	3
large-v3_comandi	2026-09-21-webcam	20260921-140859	Qual è la capitale della Francia?	Qual è la capitale della Francia?	0
large-v3_comandi	2026-09-21-webcam	20260921-140908	E quella della Spagna?	E quella della Spagna?	0
large-v3_comandi	2026-09-21-webcam	20260921-140919	Oggi è proprio una bella giornata.	Oggi è proprio una bella giornata.	0
large-v3_comandi	2026-09-21-webcam	20260921-140938	Puoi cambiare voce?	E poi cambiare voce.	2
large-v3_comandi	2026-09-21-webcam	20260921-140954	Calliope, quanto dista la Luna dalla Terra?	Calliope, quando n'è stata la luna dalla terra?	4
large-v3_comandi	2026-09-21-webcam	20260921-141005	Perché il cielo è azzurro?	Perché il cielo è azzurro?	0
large-v3_comandi	2026-09-21-webcam	20260921-141022	Calliope, dimmi tre città della Toscana.	Calliope, dimmi tre città della Toscana.	0
large-v3_comandi	2026-09-21-webcam	20260921-141033	Chi ha scritto I promessi sposi?	Chi è scritto questo spazio?	4
large-v3_comandi	2026-09-21-webcam	20260921-141044	Chi ha scritto I promessi sposi?	Chi ha scritto I promessi sposi?	0
large-v3_comandi	2026-09-21-webcam	20260921-141106	Calliope, ieri sera ho visto un documentario sulla storia dell'Impero romano e mi sono chiesto quanto tempo ci volesse per andare da Roma a Costantinopoli a cavallo.	Calliope, ieri sera ho visto un documentario sulla storia dell'impero romano e mi sono chiesto quanto tempo ci volesse per andare da Roma a Costantinopoli a cavallo.	0
large-v3_comandi	2026-09-21-webcam	20260921-141124	Ricordati che il mio numero preferito è quarantasette.	Ricordati che il mio numero preferito è 47.	0
large-v3_comandi	2026-09-21-webcam	20260921-141138	Ricordati che il mio numero preferito è quarantasette.	Calliope, ricordati che il mio numero preferito è 47.	1
large-v3_comandi	2026-09-21-webcam	20260921-141208	Ricordati che il mio numero preferito è quarantasette.	Ricordati che il mio numero preferito è 47.	0
large-v3_comandi	2026-09-21-webcam	20260921-141231	E sai dirmi qual è il mio numero preferito?	E sai dirmi qual è il mio numero preferito?	0
large-v3_comandi	2026-09-21-webcam	20260921-141237	Calliope, esci.	Calliope, esci.	0
large-v3_comandi	2026-09-21-webcam	20260921-141247	Calliope, esci.	Calliope, esci.	0
large-v3_comandi	2026-09-21-webcam-mic-sempre-aperto	20260921-141602	Calliope.	Calliope.	0
large-v3_comandi	2026-09-21-webcam-mic-sempre-aperto	20260921-141607	Qual è la capitale della Francia?	Qual è la capitale della Francia?	0
large-v3_comandi	2026-09-21-webcam-mic-sempre-aperto	20260921-141614	E quella della Spagna?	E quella della Spagna?	0
large-v3_comandi	2026-09-21-webcam-mic-sempre-aperto	20260921-141630	Oggi è proprio una bella giornata.	Oggi è proprio una bella giornata.	0
large-v3_comandi	2026-09-21-webcam-mic-sempre-aperto	20260921-141637	Calliope, che ore sono?	Calliope, che ore sono?	0
large-v3_comandi	2026-09-21-webcam-mic-sempre-aperto	20260921-141644	Puoi cambiare voce?	Vuoi cambiare voce?	1
large-v3_comandi	2026-09-21-webcam-mic-sempre-aperto	20260921-141700	Calliope, quanto dista la Luna dalla Terra?	Calliope, quanto ti sta la luna dalla terra?	2
large-v3_comandi	2026-09-21-webcam-mic-sempre-aperto	20260921-141711	Perché il cielo è azzurro?	Perché il cielo è azzurro.	0
large-v3_comandi	2026-09-21-webcam-mic-sempre-aperto	20260921-141738	Calliope, dimmi tre città della Toscana.	Calliope, dimmi tre città della Toscana.	0
large-v3_comandi	2026-09-21-webcam-mic-sempre-aperto	20260921-141751	Chi ha scritto I promessi sposi?	Che ha scritto I Promessi Sposi?	1
large-v3_comandi	2026-09-21-webcam-mic-sempre-aperto	20260921-141807	Calliope, chi ha scritto I promessi sposi?	Calliope, chi ha scritto i promessi sposi?	0
large-v3_comandi	2026-09-21-webcam-mic-sempre-aperto	20260921-141814	Calliope.	Calliope	0
large-v3_comandi	2026-09-21-webcam-mic-sempre-aperto	20260921-141822	Calliope.	Calliope	0
large-v3_comandi	2026-09-21-webcam-mic-sempre-aperto	20260921-141829	Calliope.	Calliope?	0
large-v3_comandi	2026-09-21-webcam-mic-sempre-aperto	20260921-141844	Calliope, chi ha scritto I promessi sposi?	Calliope ti ha scritto i promessi sposi.	1
large-v3_comandi	2026-09-21-webcam-mic-sempre-aperto-2	20260921-142147	Calliope.	Calliope.	0
large-v3_comandi	2026-09-21-webcam-mic-sempre-aperto-2	20260921-142157	Calliope.	Calliope.	0
large-v3_comandi	2026-09-21-webcam-mic-sempre-aperto-3	20260921-142714	Calliope.	Calliope.	0
large-v3_comandi	2026-09-21-webcam-mic-sempre-aperto-3	20260921-142719	Qual è la capitale della Francia?	Quella è la capitale della Francia.	1
large-v3_comandi	2026-09-21-webcam-mic-sempre-aperto-3	20260921-142726	E quella della Spagna?	Curare la Spagna.	3
large-v3_comandi	2026-09-21-webcam-mic-sempre-aperto-3	20260921-142734	E la sua capitale?	Era sua capitale.	2
large-v3_comandi	2026-09-21-webcam-mic-sempre-aperto-3	20260921-142752	Oggi è proprio una bella giornata.	Oggi è proprio una bella giornata.	0
large-v3_comandi	2026-09-21-webcam-mic-sempre-aperto-3	20260921-142757	Calliope, che ore sono?	Calliope, chi ore sono?	1
large-v3_comandi	2026-09-21-webcam-mic-sempre-aperto-3	20260921-142806	Che ore sono?	Che ore sono?	0
large-v3_comandi	2026-09-21-webcam-mic-sempre-aperto-3	20260921-142813	Puoi cambiare voce?	Vuoi cambiare voce?	1
large-v3_comandi	2026-09-21-webcam-mic-sempre-aperto-3	20260921-142831	Calliope, quanto dista la Luna dalla Terra?	Calliope, quanto dista la luna dalla terra?	0
large-v3_comandi	2026-09-21-webcam-mic-sempre-aperto-3	20260921-142841	Calliope, quanto dista la Luna dalla Terra?	Calliope, quanto dista la luna dalla terra?	0
large-v3_comandi	2026-09-21-webcam-mic-sempre-aperto-3	20260921-142851	Perché il cielo è azzurro?	Perché il genoio è al sud?	3
large-v3_comandi	2026-09-21-webcam-mic-sempre-aperto-3	20260921-142900	Perché il cielo è azzurro?	Perché il cielo è azzurro.	0
large-v3_comandi	2026-09-21-webcam-mic-sempre-aperto-3	20260921-142922	Calliope, dimmi tre città della Toscana.	Calliope, dimmi tra città della Toscana.	1
large-v3_comandi	2026-09-21-webcam-mic-sempre-aperto-3	20260921-142935	Chi ha scritto I promessi sposi?	Chi ha scritto i promessi sposi?	0
large-v3_comandi	2026-09-21-webcam-mic-sempre-aperto-3	20260921-142958	Calliope, ieri sera ho visto un documentario sulla storia dell'Impero romano e mi sono chiesto quanto tempo ci volesse per andare da Roma a Costantinopoli a cavallo.	Calliope, ieri sera ho visto un documentario sulla storia dell'impero romano e mi sono chiesto quanto tempo ci volesse per andare da Roma a Costantinopoli a cavallo.	0
large-v3_comandi	2026-09-21-webcam-mic-sempre-aperto-3	20260921-143018	Calliope, ieri sera ho visto un documentario sulla storia dell'Impero romano e mi sono chiesto quanto tempo ci volesse per andare da Roma a Costantinopoli a cavallo.	Calliope, ieri si era visto un documentario sulla storia dell'impero romano e mi sono chiesto quanto tempo ci volesse per andare da Roma a Costantinopoli a cavallo.	2
large-v3_comandi	2026-09-21-webcam-mic-sempre-aperto-3	20260921-143032	Calliope.	Calliope.	0
large-v3_comandi	2026-09-21-webcam-mic-sempre-aperto-3	20260921-143043	ieri sera ho visto un documentario sulla storia dell'Impero romano e mi sono chiesto quanto tempo ci volesse per andare da Roma a Costantinopoli a cavallo.	Ieri sera ho visto un documentario sulla storia dell'impero romano e mi sono chiesto quanto tempo ci volesse per andare da Roma a Costantinopoli a cavallo.	0
large-v3_comandi	2026-09-21-webcam-mic-sempre-aperto-3	20260921-143058	Ricordati che il mio numero preferito è quarantasette.	Ricordati che il mio numero preferito è 47.	0
large-v3_comandi	2026-09-21-webcam-mic-sempre-aperto-3	20260921-143106	Quindi, qual è il mio numero preferito?	Quindi, qual è il mio numero preferito?	0
large-v3_comandi	2026-09-21-webcam-mic-sempre-aperto-3	20260921-143125	Calliope, senti, secondo te conviene prendere l'ombrello se il cielo è nuvoloso?	Calliope, senti, secondo te conviene prendere l'ombrello se il cielo è nuvoloso?	0
large-v3_comandi	2026-09-21-webcam-mic-sempre-aperto-3	20260921-143135	Calliope, esci.	Calliope, esci.	0
large-v3_comandi	2026-09-21-webcam-mic-sempre-aperto-3	20260921-143147	Calliope, esci.	Calliope, esci.	0
large-v3_comandi	2026-09-21-webcam-mic-sempre-aperto-3	20260921-143156	Calliope, esci.	Calliope, esci.	0
large-v3_comandi	2026-09-24-v03	20260924-115341	Calliope.	Calliope.	0
large-v3_comandi	2026-09-24-v03	20260924-115346	Qual è la capitale della Francia?	Qual è la capitale della Francia?	0
large-v3_comandi	2026-09-24-v03	20260924-115357	E quella della Spagna?	E quello lo spagnol...	3
large-v3_comandi	2026-09-24-v03	20260924-115409	E quella della Spagna?	E quella della Spagna?	0
large-v3_comandi	2026-09-24-v03	20260924-115435	Oggi è proprio una bella giornata.	Oggi è proprio una bella giornata.	0
large-v3_comandi	2026-09-24-v03	20260924-115444	Calliope, che ore sono?	Calliope, che ore sono?	0
large-v3_comandi	2026-09-24-v03	20260924-115453	Puoi cambiare voce?	Puoi cambiare voce.	0
large-v3_comandi	2026-09-24-v03	20260924-115503	Puoi cambiare voce?	Puoi cambiare voce?	0
large-v3_comandi	2026-09-24-v03	20260924-115525	Calliope, quanto dista la Luna dalla Terra?	Calliope, quanto dista la luna dalla terra?	0
large-v3_comandi	2026-09-24-v03	20260924-115537	Perché il cielo è azzurro?	Perché il cielo è azzurro?	0
large-v3_comandi	2026-09-24-v03	20260924-115545	Perché il cielo è azzurro?	Perché il cielo è azzurro?	0
large-v3_comandi	2026-09-24-v03	20260924-115610	Calliope, dimmi tre città della Toscana.	Calliope, dimmi tra città della Toscana.	1
large-v3_comandi	2026-09-24-v03	20260924-115625	Dimmi tre città della Toscana.	Dimmi tre città della Toscana.	0
large-v3_comandi	2026-09-24-v03	20260924-115638	Chi ha scritto I promessi sposi?	Chi ha scritto i promessi sposi?	0
large-v3_comandi	2026-09-24-v03	20260924-115709	Calliope, ieri sera ho visto un documentario sulla storia dell'Impero romano e mi sono chiesto quanto tempo ci volesse per andare da Roma a Costantinopoli a cavallo.	Calliope, ieri sera ho visto un documentario sulla storia dell'Impero Romano e mi sono chiesto quanto tempo ci volesse per andare da Roma a Costantinopoli a cavallo.	0
large-v3_comandi	2026-09-24-v03	20260924-115728	Ricordati che il mio numero preferito è quarantasette.	Ricordati che il mio numero preferito è 47.	0
large-v3_comandi	2026-09-24-v03	20260924-115739	Qual è il mio numero preferito?	Qual è il mio numero preferito?	0
large-v3_comandi	2026-09-24-v03	20260924-115757	Calliope, senti, secondo te conviene prendere l'ombrello se il cielo è nuvoloso?	Calliope, senti, secondo te conviene prendere l'ombrello se il cielo è nuvoloso?	0
large-v3_comandi	2026-09-24-v03	20260924-115821	Calliope, sai chi sono?	Calliope, sai chi sono?	0
large-v3_comandi	2026-09-24-v03	20260924-115829	Che giorno è oggi?	Che giorn'è oggi?	1
large-v3_comandi	2026-09-24-v03	20260924-115838	Che voci hai?	Che voce hai?	1
large-v3_comandi	2026-09-24-v03	20260924-115856	Calliope, usa la voce di Paola.	Calliope, usa la voce di Paola.	0
large-v3_comandi	2026-09-24-v03	20260924-115906	Calliope, usa la voce di Paola.	Calliope, usa la voce di Paola.	0
large-v3_comandi	2026-09-24-v03	20260924-115916	Calliope, usa la voce di Paola.	Calliope usa la voce di Paola.	0
large-v3_comandi	2026-09-24-v03	20260924-115927	Calliope.	Calliope?	0
large-v3_comandi	2026-09-24-v03	20260924-120308	Calliope, raccontami una curiosità sul mare.	Calliope, raccontami una curiosità sul mare.	0
large-v3_comandi	2026-09-24-v03	20260924-120325	Torna alla voce di Serena.	Torna alla voce di Serena.	0
large-v3_comandi	2026-09-24-v03	20260924-120345	Calliope, chiamami Dario Lipari.	Calliope, chiamami Dario Lipani.	1
large-v3_comandi	2026-09-24-v03	20260924-120354	Chiamami Dario.	Giamami Dario	1
large-v3_comandi	2026-09-24-v03	20260924-120404	Calliope, esci.	Calliope, esci.	0
large-v3_comandi	2026-09-24-v03	20260924-120412	Esci.	Allora, tocca. Esci.	2
large-v3_comandi	2026-09-24-v03b	20260924-122037	Calliope.	Calliope.	0
large-v3_comandi	2026-09-24-v03b	20260924-122043	Qual è la capitale della Francia?	Quella che capitava nella Francia.	5
large-v3_comandi	2026-09-24-v03b	20260924-122052	Qual è la capitale della Francia?	Qual è il capitale della Francia?	1
large-v3_comandi	2026-09-24-v03b	20260924-122057	E quella della Spagna?	Ricordano la Spagna.	3
large-v3_comandi	2026-09-24-v03b	20260924-122103	E quella della Spagna?	Quello della Spagna.	2
large-v3_comandi	2026-09-24-v03b	20260924-122110	Quanto dista la Luna dalla Terra?	Quanto distaura la luna dalla terra?	1
large-v3_comandi	2026-09-24-v03b	20260924-122122	Ricordati che il mio numero preferito è quarantasette.	Ricordati che il mio nome l'ho preferito a 47.	4
large-v3_comandi	2026-09-24-v03b	20260924-122130	Qual è il mio numero preferito?	Qual è il numero preferito?	1
large-v3_comandi	2026-09-24-v03b	20260924-122143	Sai chi sono?	Fai chi sono.	1
large-v3_comandi	2026-09-24-v03b	20260924-122149	Usa la voce di Paola.	Usa la voce di Paola.	0
large-v3_comandi	2026-09-24-v03b	20260924-122155	Torna alla voce di Serena.	Torna alla voce di Serena.	0
large-v3_comandi	2026-09-24-v03b	20260924-122202	Chiamami Dario.	Chiamami Dario.	0
large-v3_comandi	2026-09-24-v03b	20260924-122208	Calliope.	Calliope	0
large-v3_comandi	2026-09-24-v03b	20260924-122213	Calliope, esci.	Calliope, esci.	0
beam5_hot_parole	2026-09-21-webcam	20260921-140843	Calliope.	Calliope.	0
beam5_hot_parole	2026-09-21-webcam	20260921-140848	Qual è la capitale della Francia?	Con un capitolo della Francia.	4
beam5_hot_parole	2026-09-21-webcam	20260921-140859	Qual è la capitale della Francia?	Qual è la capitale della Francia?	0
beam5_hot_parole	2026-09-21-webcam	20260921-140908	E quella della Spagna?	E quella della Spagna?	0
beam5_hot_parole	2026-09-21-webcam	20260921-140919	Oggi è proprio una bella giornata.	Oggi è proprio una bella giornata.	0
beam5_hot_parole	2026-09-21-webcam	20260921-140938	Puoi cambiare voce?	E poi cambiare voce.	2
beam5_hot_parole	2026-09-21-webcam	20260921-140954	Calliope, quanto dista la Luna dalla Terra?	Calliope, quanto dista la luna dalla terra?	0
beam5_hot_parole	2026-09-21-webcam	20260921-141005	Perché il cielo è azzurro?	Perché il cielo è azzurro?	0
beam5_hot_parole	2026-09-21-webcam	20260921-141022	Calliope, dimmi tre città della Toscana.	Calliope, dimmi tre città della Toscana.	0
beam5_hot_parole	2026-09-21-webcam	20260921-141033	Chi ha scritto I promessi sposi?	C'è scritto il messaggio, Paola, Serena.	6
beam5_hot_parole	2026-09-21-webcam	20260921-141044	Chi ha scritto I promessi sposi?	Chi ha scritto I Promessi Sposi?	0
beam5_hot_parole	2026-09-21-webcam	20260921-141106	Calliope, ieri sera ho visto un documentario sulla storia dell'Impero romano e mi sono chiesto quanto tempo ci volesse per andare da Roma a Costantinopoli a cavallo.	Calliope, ieri sera ho visto un documentale sulla storia dell'impero romano e mi sono chiesto quanto tempo ci volesse per andare da Roma a Costantinopoli a cavallo.	1
beam5_hot_parole	2026-09-21-webcam	20260921-141124	Ricordati che il mio numero preferito è quarantasette.	Ricordati che il mio numero preferito è 47.	0
beam5_hot_parole	2026-09-21-webcam	20260921-141138	Ricordati che il mio numero preferito è quarantasette.	Calliope, ricordati che il mio numero preferito è 47.	1
beam5_hot_parole	2026-09-21-webcam	20260921-141208	Ricordati che il mio numero preferito è quarantasette.	Ricordati che il mio numero preferito è 47.	0
beam5_hot_parole	2026-09-21-webcam	20260921-141231	E sai dirmi qual è il mio numero preferito?	E sai dirmi qual è il mio nomolo preferito?	1
beam5_hot_parole	2026-09-21-webcam	20260921-141237	Calliope, esci.	Calliope Esci.	0
beam5_hot_parole	2026-09-21-webcam	20260921-141247	Calliope, esci.	Calliope. Esci.	0
beam5_hot_parole	2026-09-21-webcam-mic-sempre-aperto	20260921-141602	Calliope.	Calliope.	0
beam5_hot_parole	2026-09-21-webcam-mic-sempre-aperto	20260921-141607	Qual è la capitale della Francia?	Qual è la capitale della Francia?	0
beam5_hot_parole	2026-09-21-webcam-mic-sempre-aperto	20260921-141614	E quella della Spagna?	E quella della Spagna?	0
beam5_hot_parole	2026-09-21-webcam-mic-sempre-aperto	20260921-141630	Oggi è proprio una bella giornata.	Oggi è proprio una bella giornata.	0
beam5_hot_parole	2026-09-21-webcam-mic-sempre-aperto	20260921-141637	Calliope, che ore sono?	Calliope, che ore sono?	0
beam5_hot_parole	2026-09-21-webcam-mic-sempre-aperto	20260921-141644	Puoi cambiare voce?	Vuoi cambiare voce?	1
beam5_hot_parole	2026-09-21-webcam-mic-sempre-aperto	20260921-141700	Calliope, quanto dista la Luna dalla Terra?	Calliope, quanto dista la luna dalla terra?	0
beam5_hot_parole	2026-09-21-webcam-mic-sempre-aperto	20260921-141711	Perché il cielo è azzurro?	Perché il cielo è azzurro.	0
beam5_hot_parole	2026-09-21-webcam-mic-sempre-aperto	20260921-141738	Calliope, dimmi tre città della Toscana.	Calliope, dimmi tre città della Toscana.	0
beam5_hot_parole	2026-09-21-webcam-mic-sempre-aperto	20260921-141751	Chi ha scritto I promessi sposi?	Che ha scritto i Promessi Sposi?	1
beam5_hot_parole	2026-09-21-webcam-mic-sempre-aperto	20260921-141807	Calliope, chi ha scritto I promessi sposi?	Calliope, chi ha scritto i promessi sposi?	0
beam5_hot_parole	2026-09-21-webcam-mic-sempre-aperto	20260921-141814	Calliope.	Calliope.	0
beam5_hot_parole	2026-09-21-webcam-mic-sempre-aperto	20260921-141822	Calliope.	Calliope.	0
beam5_hot_parole	2026-09-21-webcam-mic-sempre-aperto	20260921-141829	Calliope.	Calliope.	0
beam5_hot_parole	2026-09-21-webcam-mic-sempre-aperto	20260921-141844	Calliope, chi ha scritto I promessi sposi?	Calliope ti ha scritto i promessi sposi.	1
beam5_hot_parole	2026-09-21-webcam-mic-sempre-aperto-2	20260921-142147	Calliope.	Calliope.	0
beam5_hot_parole	2026-09-21-webcam-mic-sempre-aperto-2	20260921-142157	Calliope.	Calliope.	0
beam5_hot_parole	2026-09-21-webcam-mic-sempre-aperto-3	20260921-142714	Calliope.	Calliope.	0
beam5_hot_parole	2026-09-21-webcam-mic-sempre-aperto-3	20260921-142719	Qual è la capitale della Francia?	Qual è la capitale della Francia?	0
beam5_hot_parole	2026-09-21-webcam-mic-sempre-aperto-3	20260921-142726	E quella della Spagna?	Buongiorno a Spagna.	3
beam5_hot_parole	2026-09-21-webcam-mic-sempre-aperto-3	20260921-142734	E la sua capitale?	E la sua capitale?	0
beam5_hot_parole	2026-09-21-webcam-mic-sempre-aperto-3	20260921-142752	Oggi è proprio una bella giornata.	Oggi è proprio una bella giornata.	0
beam5_hot_parole	2026-09-21-webcam-mic-sempre-aperto-3	20260921-142757	Calliope, che ore sono?	Calliope, che ore sono?	0
beam5_hot_parole	2026-09-21-webcam-mic-sempre-aperto-3	20260921-142806	Che ore sono?	Che ore sono?	0
beam5_hot_parole	2026-09-21-webcam-mic-sempre-aperto-3	20260921-142813	Puoi cambiare voce?	Vuoi cambiare voce?	1
beam5_hot_parole	2026-09-21-webcam-mic-sempre-aperto-3	20260921-142831	Calliope, quanto dista la Luna dalla Terra?	Cambio per Quanto dista la Luna dalla Terra?	2
beam5_hot_parole	2026-09-21-webcam-mic-sempre-aperto-3	20260921-142841	Calliope, quanto dista la Luna dalla Terra?	Calliope, quanto dista la luna dalla terra?	0
beam5_hot_parole	2026-09-21-webcam-mic-sempre-aperto-3	20260921-142851	Perché il cielo è azzurro?	Grazie a tutti per aver guardato il video.	8
beam5_hot_parole	2026-09-21-webcam-mic-sempre-aperto-3	20260921-142900	Perché il cielo è azzurro?	Perché il cielo è azzurro.	0
beam5_hot_parole	2026-09-21-webcam-mic-sempre-aperto-3	20260921-142922	Calliope, dimmi tre città della Toscana.	Cambi un bene. Dimmi tra città della Toscana.	4
beam5_hot_parole	2026-09-21-webcam-mic-sempre-aperto-3	20260921-142935	Chi ha scritto I promessi sposi?	Chi ha scritto i promessi sposi?	0
beam5_hot_parole	2026-09-21-webcam-mic-sempre-aperto-3	20260921-142958	Calliope, ieri sera ho visto un documentario sulla storia dell'Impero romano e mi sono chiesto quanto tempo ci volesse per andare da Roma a Costantinopoli a cavallo.	Calliope, ieri sera ho visto un documentario sulla storia dell'Impero Romano e mi sono chiesto quanto tempo ci volesse per andare da Roma a Costantinopoli a cavallo.	0
beam5_hot_parole	2026-09-21-webcam-mic-sempre-aperto-3	20260921-143018	Calliope, ieri sera ho visto un documentario sulla storia dell'Impero romano e mi sono chiesto quanto tempo ci volesse per andare da Roma a Costantinopoli a cavallo.	Calliope, ieri sier ho visto un documentario sulla storia dell'Impero Romano e mi sono chiesto quanto tempo ci volesse per andare da Roma a Costantinopoli a cavallo.	1
beam5_hot_parole	2026-09-21-webcam-mic-sempre-aperto-3	20260921-143032	Calliope.	Calliope.	0
beam5_hot_parole	2026-09-21-webcam-mic-sempre-aperto-3	20260921-143043	ieri sera ho visto un documentario sulla storia dell'Impero romano e mi sono chiesto quanto tempo ci volesse per andare da Roma a Costantinopoli a cavallo.	Ieri sera ho visto un documentario sulla storia dell'impero romano e mi sono chiesto quanto tempo ci volesse per andare da Roma a Costantinopoli a cavallo.	0
beam5_hot_parole	2026-09-21-webcam-mic-sempre-aperto-3	20260921-143058	Ricordati che il mio numero preferito è quarantasette.	Ricordati che il mio numero preferito è 47.	0
beam5_hot_parole	2026-09-21-webcam-mic-sempre-aperto-3	20260921-143106	Quindi, qual è il mio numero preferito?	Quindi, qual è il mio numero preferito?	0
beam5_hot_parole	2026-09-21-webcam-mic-sempre-aperto-3	20260921-143125	Calliope, senti, secondo te conviene prendere l'ombrello se il cielo è nuvoloso?	Calliope, senti, secondo te conviene prendere l'ombrello se il cielo è nuvoloso?	0
beam5_hot_parole	2026-09-21-webcam-mic-sempre-aperto-3	20260921-143135	Calliope, esci.	Calliope, esci.	0
beam5_hot_parole	2026-09-21-webcam-mic-sempre-aperto-3	20260921-143147	Calliope, esci.	Cambio per Pesci.	3
beam5_hot_parole	2026-09-21-webcam-mic-sempre-aperto-3	20260921-143156	Calliope, esci.	Calliope Esci.	0
beam5_hot_parole	2026-09-24-v03	20260924-115341	Calliope.	Calliope.	0
beam5_hot_parole	2026-09-24-v03	20260924-115346	Qual è la capitale della Francia?	Qual è la capitale della Francia?	0
beam5_hot_parole	2026-09-24-v03	20260924-115357	E quella della Spagna?	Equale lo spagnac.	4
beam5_hot_parole	2026-09-24-v03	20260924-115409	E quella della Spagna?	E quella della Spagna?	0
beam5_hot_parole	2026-09-24-v03	20260924-115435	Oggi è proprio una bella giornata.	Oggi è proprio una bella giornata.	0
beam5_hot_parole	2026-09-24-v03	20260924-115444	Calliope, che ore sono?	Calliope, che ore sono?	0
beam5_hot_parole	2026-09-24-v03	20260924-115453	Puoi cambiare voce?	Puoi cambiare luce.	1
beam5_hot_parole	2026-09-24-v03	20260924-115503	Puoi cambiare voce?	Vuoi cambiare voce?	1
beam5_hot_parole	2026-09-24-v03	20260924-115525	Calliope, quanto dista la Luna dalla Terra?	Calliope, quanto è vista la Luna dalla Terra?	2
beam5_hot_parole	2026-09-24-v03	20260924-115537	Perché il cielo è azzurro?	Perché c'è da un'erzaura, però?	6
beam5_hot_parole	2026-09-24-v03	20260924-115545	Perché il cielo è azzurro?	Perché il cielo è azzurro?	0
beam5_hot_parole	2026-09-24-v03	20260924-115610	Calliope, dimmi tre città della Toscana.	Calliope Dimitra, città della Toscana.	2
beam5_hot_parole	2026-09-24-v03	20260924-115625	Dimmi tre città della Toscana.	Dimmi tre città della Toscana.	0
beam5_hot_parole	2026-09-24-v03	20260924-115638	Chi ha scritto I promessi sposi?	Chi ha scritto i Promessi Sposi?	0
beam5_hot_parole	2026-09-24-v03	20260924-115709	Calliope, ieri sera ho visto un documentario sulla storia dell'Impero romano e mi sono chiesto quanto tempo ci volesse per andare da Roma a Costantinopoli a cavallo.	Calliope, ieri sera ho visto un documentario sulla storia dell'impero romano e mi sono chiesto quanto tempo ci volesse per andare da Roma a Costantinopoli a cavallo.	0
beam5_hot_parole	2026-09-24-v03	20260924-115728	Ricordati che il mio numero preferito è quarantasette.	Ricordati che il mio numero preferito è 47.	0
beam5_hot_parole	2026-09-24-v03	20260924-115739	Qual è il mio numero preferito?	Qual è il mio numero preferito?	0
beam5_hot_parole	2026-09-24-v03	20260924-115757	Calliope, senti, secondo te conviene prendere l'ombrello se il cielo è nuvoloso?	Calliope, senti, secondo te conviene prendere l'ombrello se il cielo è nuvoloso?	0
beam5_hot_parole	2026-09-24-v03	20260924-115821	Calliope, sai chi sono?	Calliope, sai chi sono?	0
beam5_hot_parole	2026-09-24-v03	20260924-115829	Che giorno è oggi?	Che giorno è oggi?	0
beam5_hot_parole	2026-09-24-v03	20260924-115838	Che voci hai?	Che voce hai?	1
beam5_hot_parole	2026-09-24-v03	20260924-115856	Calliope, usa la voce di Paola.	Calliope, usa la voce di Paola.	0
beam5_hot_parole	2026-09-24-v03	20260924-115906	Calliope, usa la voce di Paola.	Calliope, usa la voce di Paola.	0
beam5_hot_parole	2026-09-24-v03	20260924-115916	Calliope, usa la voce di Paola.	Calliope usa la voce di Paola.	0
beam5_hot_parole	2026-09-24-v03	20260924-115927	Calliope.	Calliope?	0
beam5_hot_parole	2026-09-24-v03	20260924-120308	Calliope, raccontami una curiosità sul mare.	Calliope, raccontami una curiosità sul mare.	0
beam5_hot_parole	2026-09-24-v03	20260924-120325	Torna alla voce di Serena.	Torna alla voce di Serena.	0
beam5_hot_parole	2026-09-24-v03	20260924-120345	Calliope, chiamami Dario Lipari.	Calliope, chiamami, darei ulipari.	2
beam5_hot_parole	2026-09-24-v03	20260924-120354	Chiamami Dario.	Chiamami Dario.	0
beam5_hot_parole	2026-09-24-v03	20260924-120404	Calliope, esci.	Calliope, esci.	0
beam5_hot_parole	2026-09-24-v03	20260924-120412	Esci.	Esci.	0
beam5_hot_parole	2026-09-24-v03b	20260924-122037	Calliope.	Calliope.	0
beam5_hot_parole	2026-09-24-v03b	20260924-122043	Qual è la capitale della Francia?	Qual è la capitale della Francia?	0
beam5_hot_parole	2026-09-24-v03b	20260924-122052	Qual è la capitale della Francia?	Qual è il capitale della Francia?	1
beam5_hot_parole	2026-09-24-v03b	20260924-122057	E quella della Spagna?	E quella donna spagnale.	2
beam5_hot_parole	2026-09-24-v03b	20260924-122103	E quella della Spagna?	Quelle della Spagna?	2
beam5_hot_parole	2026-09-24-v03b	20260924-122110	Quanto dista la Luna dalla Terra?	Quanto distaura la luna della terra?	2
beam5_hot_parole	2026-09-24-v03b	20260924-122122	Ricordati che il mio numero preferito è quarantasette.	Ricordati che il mio numero preferito è 47.	0
beam5_hot_parole	2026-09-24-v03b	20260924-122130	Qual è il mio numero preferito?	Il mio numero preferito.	2
beam5_hot_parole	2026-09-24-v03b	20260924-122143	Sai chi sono?	Fai chi sono?	1
beam5_hot_parole	2026-09-24-v03b	20260924-122149	Usa la voce di Paola.	Usa la voce di Paola.	0
beam5_hot_parole	2026-09-24-v03b	20260924-122155	Torna alla voce di Serena.	Torna la voce di Serena.	1
beam5_hot_parole	2026-09-24-v03b	20260924-122202	Chiamami Dario.	Chiamami Dario.	0
beam5_hot_parole	2026-09-24-v03b	20260924-122208	Calliope.	Calliope.	0
beam5_hot_parole	2026-09-24-v03b	20260924-122213	Calliope, esci.	Addio pesci!	2
